age,income,loan_amount,loan_term_months,credit_history,employment_years,employment_status,existing_debt,dependents,residence,default
25,82455.0,198960.0,36,0,0.0,Employed,112675.0,3,Rented,0
55,49445.0,79071.0,60,0,3.4,Employed,54454.0,4,Owned,1
50,62996.0,311612.0,36,1,2.6,Employed,68801.0,0,Rented,1
40,12000.0,252828.0,60,1,6.1,Self-employed,0.0,1,Rented,0
40,29560.0,188590.0,24,0,12.5,Self-employed,64904.0,3,Owned,1
59,48537.0,20000.0,36,0,14.1,Employed,84554.0,2,Rented,1
24,31413.0,91493.0,48,1,2.7,Employed,59498.0,3,Owned,1
52,70717.0,241899.0,36,1,8.1,Employed,167809.0,2,Owned,1
30,98941.0,289160.0,36,0,8.2,Employed,21877.0,0,Rented,0
25,29114.0,279825.0,36,0,7.6,Self-employed,51821.0,2,Owned,1
44,36576.0,36719.0,24,1,7.6,Employed,34756.0,2,Rented,0
64,60180.0,207140.0,24,1,7.2,Employed,51811.0,4,Other,0
54,90445.0,271396.0,36,0,12.8,Employed,131571.0,0,Rented,1
55,28108.0,30750.0,36,1,10.4,Unemployed,153902.0,0,Owned,0
53,60479.0,179289.0,36,1,1.8,Employed,44960.0,0,Rented,0
56,95069.0,204646.0,36,1,9.2,Employed,43850.0,2,Rented,0
44,18661.0,152931.0,60,1,9.6,Employed,22144.0,4,Owned,0
26,26816.0,20000.0,36,1,7.3,Employed,145314.0,3,Owned,1
58,45681.0,150687.0,36,1,10.5,Employed,136050.0,4,Rented,0
41,43547.0,150543.0,36,1,6.8,Employed,74701.0,4,Other,0
43,72877.0,166673.0,24,1,6.8,Employed,10195.0,3,Owned,1
37,60317.0,129288.0,48,1,6.5,Employed,14667.0,3,Owned,0
29,15951.0,140129.0,36,1,0.0,Self-employed,88531.0,1,Other,1
62,66339.0,176426.0,12,1,5.7,Employed,107467.0,4,Owned,0
56,42294.0,219821.0,60,1,3.3,Employed,0.0,3,Owned,1
49,83038.0,152602.0,48,1,1.3,Employed,63935.0,4,Rented,0
39,41193.0,143132.0,48,1,11.7,Self-employed,160915.0,4,Owned,1
58,40994.0,188312.0,60,0,8.0,Self-employed,69125.0,1,Owned,1
45,66905.0,20000.0,60,0,5.9,Self-employed,154482.0,0,Rented,1
40,71784.0,222933.0,36,1,3.7,Employed,112452.0,4,Rented,0
41,64858.0,179949.0,36,1,7.2,Employed,25786.0,2,Rented,0
31,17917.0,183572.0,36,1,10.0,Employed,65366.0,4,Owned,0
25,66837.0,266466.0,36,1,2.7,Employed,73565.0,3,Rented,0
45,32245.0,20000.0,24,0,6.0,Employed,32374.0,1,Rented,0
60,60176.0,20000.0,24,1,9.5,Employed,31507.0,1,Rented,1
23,23678.0,204642.0,48,1,0.0,Employed,155338.0,3,Rented,1
59,64819.0,179359.0,48,0,5.8,Employed,31132.0,1,Rented,0
58,37255.0,195316.0,48,1,4.3,Employed,133922.0,1,Rented,1
33,26782.0,138409.0,36,0,5.5,Employed,58176.0,1,Rented,1
49,70704.0,239792.0,24,1,4.0,Self-employed,78718.0,3,Owned,0
28,60316.0,263937.0,36,0,6.6,Employed,108092.0,0,Other,1
55,41493.0,223558.0,36,1,13.7,Self-employed,50072.0,0,Rented,1
52,86926.0,156525.0,60,1,4.7,Employed,108395.0,0,Owned,0
36,45306.0,20000.0,60,0,7.2,Self-employed,0.0,3,Owned,0
24,55706.0,249231.0,60,0,14.0,Self-employed,101985.0,0,Rented,0
64,60916.0,289956.0,60,0,3.8,Employed,0.0,2,Owned,0
41,41367.0,238010.0,60,1,13.3,Unemployed,68658.0,0,Rented,0
61,65365.0,100832.0,36,1,6.0,Employed,122712.0,2,Rented,1
51,43264.0,240641.0,12,1,13.1,Employed,111115.0,0,Owned,1
56,45944.0,257448.0,24,1,9.0,Self-employed,15079.0,0,Owned,1
55,84978.0,320293.0,36,1,7.2,Employed,21517.0,2,Rented,0
29,32107.0,101150.0,36,1,5.7,Employed,45566.0,3,Owned,1
37,12000.0,159619.0,24,1,3.5,Employed,89311.0,0,Rented,1
42,90441.0,247254.0,60,1,6.3,Employed,0.0,2,Owned,1
43,111085.0,185167.0,24,1,9.6,Employed,79339.0,4,Rented,1
22,46084.0,79441.0,60,1,5.9,Employed,95571.0,3,Rented,0
45,12390.0,217315.0,48,1,4.7,Employed,65848.0,3,Owned,1
27,48169.0,232080.0,36,0,5.0,Employed,106266.0,1,Rented,1
54,48703.0,187917.0,48,0,10.0,Employed,91186.0,4,Rented,1
51,50822.0,199763.0,36,1,10.9,Employed,52917.0,0,Owned,0
62,30505.0,156716.0,36,1,3.3,Self-employed,0.0,3,Owned,0
54,67750.0,313045.0,24,1,3.3,Employed,86671.0,2,Rented,0
37,66539.0,98938.0,60,1,7.5,Employed,32346.0,0,Rented,0
64,22123.0,127141.0,36,1,12.1,Self-employed,51083.0,4,Rented,0
39,70382.0,180989.0,36,1,10.6,Unemployed,103956.0,3,Rented,0
35,100159.0,259106.0,48,0,1.0,Employed,150867.0,1,Owned,0
61,58783.0,45236.0,48,1,4.9,Employed,78097.0,0,Owned,0
37,47579.0,62073.0,36,0,2.3,Self-employed,107703.0,3,Rented,0
24,51876.0,20000.0,36,1,4.9,Self-employed,7776.0,2,Rented,0
42,68536.0,182943.0,24,1,12.4,Employed,92276.0,0,Rented,0
56,16925.0,79352.0,48,1,0.3,Employed,77005.0,4,Owned,1
29,58617.0,145390.0,36,1,0.0,Employed,141461.0,3,Rented,1
41,46410.0,239524.0,36,1,2.7,Employed,52977.0,2,Rented,0
26,95652.0,122261.0,24,1,7.1,Unemployed,67918.0,1,Owned,1
51,51168.0,200815.0,36,1,8.5,Employed,132941.0,1,Rented,0
42,91694.0,153060.0,36,1,7.7,Employed,75398.0,2,Rented,0
35,30718.0,240490.0,36,0,10.7,Employed,24558.0,0,Owned,1
31,67920.0,222762.0,24,0,0.0,Self-employed,207582.0,1,Owned,1
46,62027.0,117726.0,24,1,10.8,Employed,26070.0,1,Owned,0
51,35881.0,164821.0,36,0,4.8,Self-employed,76765.0,0,Other,1
63,58903.0,273937.0,24,1,8.9,Employed,97334.0,0,Owned,0
40,81675.0,215404.0,48,1,0.7,Employed,93381.0,1,Owned,0
28,47877.0,54273.0,60,1,6.0,Employed,70513.0,1,Owned,0
58,17777.0,239006.0,36,0,6.9,Employed,70762.0,1,Owned,1
49,54614.0,82385.0,60,1,10.6,Unemployed,68253.0,3,Owned,0
52,35147.0,307126.0,24,0,0.0,Employed,24203.0,2,Rented,1
25,47468.0,272169.0,12,1,6.1,Employed,187511.0,0,Owned,1
35,53205.0,206090.0,48,1,1.7,Employed,69000.0,4,Owned,1
55,17476.0,194151.0,48,0,8.0,Employed,109847.0,3,Owned,1
58,19456.0,161187.0,48,0,9.1,Employed,63267.0,2,Owned,1
40,65605.0,241067.0,12,0,11.1,Self-employed,62262.0,0,Owned,0
57,43500.0,146630.0,48,1,3.9,Employed,57228.0,4,Rented,0
58,12000.0,201201.0,36,1,9.7,Employed,2508.0,3,Rented,0
38,72267.0,258474.0,36,0,11.4,Employed,71969.0,2,Rented,0
61,60992.0,129437.0,24,0,0.0,Employed,59650.0,0,Owned,1
33,39295.0,124543.0,60,1,8.4,Employed,138576.0,0,Rented,1
31,26030.0,72507.0,12,0,9.8,Employed,20165.0,1,Rented,0
51,73388.0,84197.0,48,1,5.0,Employed,51143.0,1,Owned,0
49,62686.0,20000.0,36,1,1.2,Self-employed,35078.0,1,Owned,0
27,107417.0,245685.0,48,1,9.8,Self-employed,152127.0,2,Rented,0
58,64244.0,342802.0,48,1,1.2,Self-employed,36530.0,0,Owned,0
29,63529.0,308280.0,60,1,5.3,Employed,108115.0,1,Owned,0
57,51328.0,33652.0,24,1,5.8,Employed,128508.0,4,Rented,0
21,72969.0,245237.0,12,0,8.9,Self-employed,72694.0,4,Owned,1
56,68752.0,307990.0,36,0,3.5,Employed,11159.0,0,Other,1
56,82538.0,138887.0,36,1,3.3,Employed,11792.0,3,Owned,0
56,43531.0,189130.0,24,0,6.4,Employed,122988.0,4,Owned,1
50,45421.0,20000.0,24,1,10.0,Self-employed,16970.0,2,Owned,0
42,44460.0,204006.0,36,1,15.1,Employed,99601.0,1,Owned,1
52,72398.0,84280.0,12,1,0.0,Employed,85717.0,2,Rented,0
33,87964.0,197967.0,12,1,7.3,Employed,98857.0,1,Rented,0
56,44906.0,39492.0,60,1,1.7,Employed,103579.0,1,Other,1
46,45655.0,228857.0,36,1,10.1,Employed,33316.0,4,Rented,1
41,61910.0,272206.0,60,0,2.2,Employed,31224.0,3,Owned,1
43,49593.0,109514.0,60,1,3.3,Employed,115746.0,2,Owned,0
46,75945.0,77677.0,24,1,3.6,Self-employed,48533.0,0,Owned,1
22,12000.0,20000.0,48,1,5.7,Self-employed,0.0,4,Other,1
27,36812.0,156023.0,36,1,7.3,Employed,112438.0,0,Rented,0
32,37787.0,127657.0,48,0,7.9,Unemployed,28187.0,3,Rented,0
26,12000.0,40408.0,24,1,6.0,Employed,103357.0,1,Rented,1
40,33800.0,220772.0,24,1,0.7,Self-employed,149641.0,1,Rented,1
51,34867.0,139503.0,12,0,8.9,Employed,80838.0,0,Owned,0
50,50576.0,83184.0,36,1,5.8,Employed,129788.0,1,Rented,0
42,79485.0,130088.0,60,1,10.6,Employed,87690.0,3,Rented,0
59,49609.0,276417.0,48,0,3.2,Employed,159371.0,2,Rented,1
46,32322.0,234264.0,48,1,0.0,Employed,26895.0,0,Owned,1
24,53747.0,168298.0,60,0,5.9,Employed,79589.0,1,Owned,0
55,78082.0,235719.0,48,1,11.2,Employed,113658.0,0,Rented,0
46,33529.0,75518.0,12,0,6.6,Employed,70479.0,2,Rented,1
49,34967.0,182913.0,60,1,5.2,Employed,137611.0,4,Other,1
46,67288.0,193259.0,36,0,2.5,Unemployed,58398.0,4,Rented,1
45,50126.0,137715.0,12,1,13.0,Employed,183469.0,4,Owned,1
25,69245.0,219191.0,36,0,1.9,Unemployed,186110.0,0,Owned,0
46,54700.0,109761.0,60,1,3.1,Employed,94104.0,2,Rented,1
56,70437.0,225884.0,36,1,8.3,Employed,107630.0,0,Owned,1
34,32228.0,229667.0,36,0,0.0,Employed,139584.0,2,Rented,1
48,54734.0,20000.0,24,1,11.1,Employed,20640.0,2,Rented,0
22,50365.0,287128.0,12,1,8.5,Employed,14400.0,3,Owned,1
36,28250.0,20000.0,24,1,9.6,Self-employed,142821.0,1,Owned,0
40,20603.0,124556.0,48,1,8.2,Employed,93699.0,0,Owned,0
65,70086.0,272281.0,60,0,5.4,Self-employed,68675.0,2,Owned,0
30,47279.0,151444.0,24,1,1.7,Employed,80556.0,2,Rented,0
33,32510.0,48043.0,36,1,5.4,Employed,0.0,3,Owned,1
39,52884.0,81564.0,24,0,2.1,Employed,70472.0,0,Owned,0
65,79816.0,272422.0,12,1,7.9,Unemployed,42348.0,3,Owned,0
59,12000.0,20000.0,36,1,9.2,Employed,125904.0,2,Owned,1
22,22074.0,281609.0,48,1,11.9,Employed,129752.0,3,Rented,0
31,34696.0,175041.0,36,1,7.5,Employed,108834.0,4,Rented,1
57,87146.0,72684.0,36,1,9.7,Employed,99773.0,1,Rented,0
23,61217.0,127520.0,36,0,4.8,Unemployed,5133.0,3,Rented,0
59,71881.0,88450.0,24,1,4.1,Self-employed,109532.0,0,Owned,0
33,29916.0,257960.0,24,0,7.9,Self-employed,111470.0,4,Rented,1
62,30370.0,245919.0,60,1,4.5,Unemployed,142260.0,2,Owned,0
34,64852.0,25275.0,48,1,7.1,Self-employed,185910.0,3,Other,0
40,56282.0,143677.0,60,1,1.8,Employed,0.0,3,Owned,1
50,67072.0,102313.0,60,0,2.5,Employed,60576.0,3,Owned,0
26,50871.0,296416.0,36,0,8.5,Employed,42887.0,1,Owned,1
46,61119.0,58491.0,60,1,9.5,Employed,88625.0,3,Rented,0
43,58479.0,324381.0,36,1,2.1,Employed,80670.0,2,Owned,0
56,72111.0,177003.0,12,1,8.7,Employed,68296.0,3,Other,1
65,72754.0,75426.0,12,1,3.9,Unemployed,131380.0,3,Owned,1
50,19363.0,119045.0,24,1,6.1,Unemployed,24929.0,2,Rented,1
39,12000.0,107854.0,24,0,11.7,Employed,27944.0,0,Rented,1
39,77038.0,65284.0,36,1,9.2,Self-employed,28789.0,1,Owned,0
39,81130.0,188534.0,48,0,9.2,Employed,61984.0,4,Owned,0
57,32546.0,69488.0,48,1,13.6,Employed,18570.0,2,Owned,0
35,14084.0,20000.0,36,0,3.2,Employed,77571.0,3,Rented,1
28,57179.0,145829.0,24,0,2.1,Employed,71725.0,1,Rented,1
36,75478.0,20000.0,48,1,3.1,Employed,40674.0,3,Owned,0
22,94547.0,112306.0,36,1,5.0,Employed,123688.0,2,Owned,0
25,66359.0,98181.0,12,0,0.0,Employed,77025.0,1,Owned,1
25,46822.0,101591.0,36,0,5.2,Employed,133132.0,0,Owned,1
55,35351.0,360087.0,36,1,3.8,Unemployed,70248.0,1,Rented,0
53,55252.0,185077.0,36,1,9.1,Employed,78790.0,2,Owned,0
52,48416.0,202083.0,48,0,7.4,Employed,51861.0,1,Owned,1
41,32669.0,20124.0,48,1,3.6,Employed,79648.0,1,Rented,0
53,100073.0,121143.0,48,0,8.4,Employed,115612.0,1,Rented,0
28,94274.0,199377.0,24,1,8.9,Employed,59433.0,1,Rented,0
61,79993.0,87792.0,48,1,2.9,Employed,105921.0,3,Owned,0
43,34741.0,261726.0,48,0,4.0,Employed,39363.0,2,Other,1
63,73810.0,71757.0,24,0,0.0,Employed,117953.0,2,Rented,1
27,69072.0,154227.0,36,0,1.6,Self-employed,51005.0,0,Rented,0
43,64736.0,127255.0,36,0,3.0,Employed,122584.0,2,Owned,1
52,82493.0,194789.0,36,1,6.3,Employed,83049.0,4,Rented,0
43,68978.0,122356.0,24,1,2.2,Employed,156048.0,3,Rented,1
41,71280.0,155620.0,36,1,3.9,Employed,22297.0,2,Rented,0
28,69012.0,158748.0,24,1,1.1,Employed,6191.0,1,Rented,1
38,62497.0,113905.0,24,1,6.7,Employed,49189.0,1,Rented,0
31,15761.0,223658.0,24,1,7.7,Employed,10769.0,0,Rented,0
34,56840.0,201455.0,60,1,7.6,Employed,10863.0,0,Other,0
51,42764.0,172025.0,36,0,6.0,Employed,111078.0,3,Owned,1
49,26843.0,141259.0,36,1,0.0,Employed,79791.0,4,Owned,1
48,92000.0,251689.0,36,1,3.5,Employed,56016.0,4,Rented,0
37,93038.0,158775.0,60,0,4.4,Employed,60652.0,3,Rented,1
64,84903.0,152397.0,36,1,4.4,Self-employed,50138.0,4,Rented,0
24,60615.0,189422.0,60,1,6.3,Unemployed,162518.0,2,Rented,1
36,84714.0,332693.0,36,1,11.7,Unemployed,43225.0,1,Rented,1
26,55265.0,59368.0,24,0,9.2,Employed,13893.0,1,Rented,0
36,59462.0,249287.0,36,1,2.0,Employed,119803.0,1,Owned,1
64,30944.0,20000.0,36,1,8.7,Employed,69212.0,3,Rented,0
37,63734.0,199555.0,48,1,8.6,Employed,181939.0,0,Owned,0
61,56328.0,321757.0,60,1,2.8,Employed,53690.0,4,Rented,0
43,26342.0,223980.0,36,0,9.4,Employed,122299.0,3,Rented,1
52,53874.0,195356.0,60,1,5.4,Employed,134110.0,1,Owned,0
41,53246.0,129560.0,36,1,0.4,Employed,53933.0,3,Owned,1
32,94546.0,182794.0,36,1,7.8,Employed,42854.0,0,Owned,0
55,74673.0,157314.0,36,1,6.9,Employed,117068.0,2,Rented,0
64,55252.0,109262.0,12,1,5.1,Unemployed,108745.0,0,Owned,1
32,60473.0,153911.0,48,1,5.9,Employed,9469.0,0,Owned,1
56,55973.0,197854.0,24,0,3.1,Employed,23578.0,0,Rented,1
32,50536.0,110950.0,36,1,8.4,Unemployed,0.0,3,Owned,0
53,31187.0,107435.0,36,0,5.8,Employed,109769.0,3,Rented,1
56,51677.0,57578.0,12,1,6.7,Employed,66909.0,4,Rented,0
41,38586.0,215165.0,12,1,7.4,Self-employed,71892.0,4,Owned,0
54,27493.0,229079.0,48,1,1.4,Employed,0.0,4,Owned,0
33,66247.0,200849.0,12,1,2.4,Employed,25095.0,4,Other,0
24,63608.0,266865.0,36,1,0.0,Self-employed,56102.0,0,Rented,1
25,15692.0,187908.0,36,0,8.3,Self-employed,46384.0,3,Owned,1
41,52301.0,215281.0,24,0,1.2,Self-employed,85892.0,3,Rented,0
61,76905.0,207345.0,24,0,6.5,Unemployed,109173.0,0,Rented,1
26,78303.0,171761.0,48,1,7.5,Employed,193481.0,0,Owned,0
41,77568.0,132226.0,60,1,8.4,Self-employed,78999.0,4,Rented,0
52,55856.0,379274.0,24,0,1.2,Employed,135770.0,4,Rented,1
30,36409.0,139324.0,60,1,5.7,Employed,38501.0,1,Owned,0
53,31159.0,120071.0,36,0,12.7,Self-employed,0.0,0,Rented,1
34,62581.0,219061.0,36,1,12.9,Self-employed,62385.0,1,Owned,0
57,63344.0,202667.0,48,0,9.9,Self-employed,114.0,0,Owned,0
47,83321.0,53569.0,48,1,7.3,Employed,80734.0,3,Owned,0
45,79200.0,281041.0,48,1,2.0,Employed,40977.0,1,Rented,0
28,52091.0,171522.0,36,1,8.9,Employed,0.0,0,Rented,0
41,27627.0,80016.0,36,0,5.4,Employed,166801.0,4,Other,1
59,47980.0,286991.0,36,1,8.2,Self-employed,53122.0,4,Owned,0
21,59779.0,236311.0,24,1,3.5,Self-employed,0.0,4,Rented,0
55,50554.0,66191.0,48,1,5.3,Employed,124909.0,4,Rented,1
43,42286.0,339946.0,12,1,6.7,Employed,43569.0,0,Owned,1
53,60563.0,239292.0,36,1,7.0,Employed,134508.0,3,Owned,1
50,43913.0,179082.0,24,0,8.0,Employed,43330.0,3,Rented,1
40,41183.0,323120.0,24,1,3.7,Employed,52955.0,3,Owned,1
34,61852.0,194337.0,36,1,0.6,Unemployed,97242.0,1,Rented,1
49,46156.0,177473.0,36,1,12.5,Employed,109661.0,1,Rented,0
27,60370.0,120573.0,36,0,16.0,Unemployed,118424.0,4,Owned,0
47,61010.0,232367.0,24,1,7.8,Employed,75513.0,0,Other,0
25,29933.0,222894.0,36,1,0.7,Self-employed,106431.0,3,Rented,0
50,44413.0,181321.0,36,1,2.9,Employed,117281.0,3,Rented,1
49,86631.0,108901.0,48,1,8.0,Self-employed,90028.0,3,Rented,0
24,29434.0,191694.0,36,1,11.4,Employed,72867.0,2,Rented,1
55,12000.0,173718.0,36,0,1.1,Self-employed,7735.0,3,Rented,1
39,14039.0,59987.0,36,0,5.5,Unemployed,109959.0,4,Owned,1
56,55640.0,47537.0,60,1,6.8,Employed,82109.0,3,Owned,1
22,55680.0,230864.0,48,1,9.5,Employed,59319.0,0,Owned,0
29,52413.0,20000.0,36,1,4.6,Employed,143888.0,1,Rented,0
43,81712.0,198487.0,36,1,0.0,Self-employed,8608.0,1,Rented,0
29,12000.0,136973.0,12,1,8.5,Employed,162202.0,1,Owned,1
35,63711.0,297742.0,60,0,10.5,Employed,78886.0,1,Other,0
50,89352.0,135588.0,36,1,5.7,Employed,95876.0,1,Owned,0
27,30189.0,239354.0,36,1,7.6,Employed,60248.0,3,Owned,1
51,46644.0,144278.0,60,1,4.1,Self-employed,0.0,0,Owned,1
25,38436.0,190237.0,48,0,2.6,Self-employed,73020.0,3,Rented,1
28,35324.0,246315.0,12,1,10.1,Self-employed,96737.0,3,Owned,1
47,47822.0,138370.0,12,1,7.5,Self-employed,113811.0,4,Rented,0
56,86405.0,269690.0,12,0,8.0,Self-employed,70098.0,0,Rented,1
28,95423.0,90567.0,36,1,12.0,Employed,0.0,1,Owned,0
34,47609.0,206513.0,12,1,1.8,Unemployed,2917.0,4,Other,0
62,96911.0,263038.0,60,1,3.8,Employed,182601.0,2,Owned,0
65,55783.0,239403.0,60,1,6.6,Employed,25373.0,2,Rented,0
47,93581.0,352480.0,36,1,3.7,Self-employed,151352.0,0,Owned,0
41,52947.0,111290.0,36,0,9.1,Employed,33296.0,3,Rented,0
36,57883.0,55877.0,36,0,5.3,Employed,70877.0,1,Rented,0
48,63040.0,90510.0,12,1,2.0,Employed,111260.0,4,Owned,1
47,124935.0,239440.0,48,1,6.3,Employed,38990.0,1,Owned,1
34,73728.0,224813.0,24,1,6.7,Unemployed,159611.0,0,Owned,0
22,39440.0,189203.0,24,1,9.7,Employed,83786.0,2,Owned,0
27,76318.0,78934.0,36,0,7.6,Employed,103043.0,2,Other,0
64,47040.0,249018.0,12,0,7.8,Employed,66620.0,2,Rented,0
39,44225.0,69777.0,36,1,7.3,Employed,112936.0,4,Rented,0
42,74989.0,284305.0,48,1,5.2,Employed,158940.0,1,Other,0
42,55684.0,437169.0,48,1,3.1,Employed,73436.0,1,Rented,0
56,61129.0,212981.0,36,1,7.2,Employed,166486.0,3,Rented,0
23,55308.0,232480.0,48,1,4.7,Employed,49420.0,0,Owned,0
24,62405.0,135643.0,36,1,12.8,Employed,118205.0,4,Owned,1
33,64349.0,20000.0,48,1,11.4,Employed,104456.0,1,Owned,0
42,12387.0,125755.0,36,0,8.5,Self-employed,26571.0,1,Owned,1
51,69665.0,81639.0,24,1,7.5,Employed,90690.0,0,Owned,0
43,33396.0,49770.0,60,1,5.6,Employed,80368.0,1,Owned,1
40,23269.0,335012.0,36,1,1.0,Unemployed,37340.0,2,Owned,1
63,53715.0,204558.0,12,1,5.1,Employed,97900.0,3,Owned,1
28,56848.0,214172.0,36,1,6.4,Employed,87314.0,4,Owned,1
46,39743.0,152188.0,36,1,6.9,Self-employed,76371.0,3,Owned,1
45,73283.0,164442.0,36,0,7.9,Employed,76571.0,1,Owned,0
42,25472.0,266810.0,36,1,9.7,Self-employed,75499.0,4,Rented,0
57,46047.0,177090.0,60,1,3.2,Self-employed,61615.0,0,Rented,0
33,42133.0,227762.0,36,0,3.3,Unemployed,86992.0,1,Rented,1
63,53975.0,162360.0,36,1,11.8,Unemployed,47804.0,1,Owned,0
35,61135.0,149206.0,36,0,9.1,Employed,212840.0,2,Owned,0
45,32826.0,53378.0,48,0,4.4,Self-employed,9533.0,1,Owned,1
44,70934.0,20000.0,24,1,5.6,Employed,50763.0,4,Owned,0
59,56386.0,156459.0,24,1,5.6,Employed,54713.0,1,Owned,0
40,13377.0,185085.0,36,1,6.1,Employed,182025.0,1,Other,1
33,12000.0,64248.0,48,0,7.9,Employed,13993.0,3,Owned,1
21,54729.0,176897.0,48,1,16.1,Employed,101296.0,2,Owned,1
37,50139.0,184838.0,36,0,6.8,Employed,92420.0,2,Rented,1
58,52725.0,20000.0,48,1,8.7,Employed,96680.0,4,Rented,0
21,54384.0,97639.0,36,1,0.0,Employed,141817.0,2,Owned,0
61,59962.0,216654.0,12,0,4.1,Unemployed,140791.0,0,Owned,1
45,75848.0,214835.0,24,1,10.9,Employed,57452.0,3,Other,0
27,30556.0,76169.0,12,0,7.6,Self-employed,89701.0,3,Owned,1
34,29217.0,194260.0,36,1,0.0,Self-employed,0.0,1,Rented,0
45,30947.0,272017.0,36,0,8.7,Self-employed,84955.0,4,Rented,1
35,61356.0,249937.0,36,1,13.7,Employed,40301.0,1,Owned,0
25,82389.0,171424.0,36,1,0.0,Self-employed,70681.0,0,Rented,0
50,45511.0,137882.0,36,1,12.1,Self-employed,0.0,0,Owned,0
51,12000.0,123359.0,48,0,0.0,Self-employed,100244.0,3,Owned,1
26,17512.0,222104.0,48,1,9.8,Unemployed,0.0,1,Owned,1
33,36673.0,197559.0,36,1,6.0,Employed,87414.0,2,Other,0
31,42730.0,236646.0,36,0,0.0,Employed,18675.0,3,Owned,1
50,46015.0,191869.0,36,0,7.8,Self-employed,37518.0,4,Owned,0
53,55849.0,253689.0,36,1,10.6,Employed,137737.0,2,Other,1
53,48142.0,188513.0,36,0,7.5,Self-employed,109396.0,4,Owned,0
63,78085.0,250622.0,36,1,8.3,Employed,137460.0,1,Rented,1
55,40128.0,258374.0,48,1,4.4,Employed,157986.0,4,Rented,1
35,36029.0,107593.0,36,0,0.0,Employed,41358.0,1,Rented,0
25,65535.0,20000.0,24,1,8.8,Employed,154949.0,0,Rented,1
48,21216.0,318914.0,36,1,13.0,Unemployed,6725.0,3,Rented,0
62,63573.0,203099.0,60,1,10.5,Employed,117305.0,3,Owned,1
64,57256.0,25696.0,12,1,0.0,Self-employed,55333.0,4,Other,1
31,51756.0,115756.0,60,0,0.0,Employed,33485.0,4,Other,1
31,89942.0,249469.0,24,1,2.6,Unemployed,110723.0,0,Rented,0
22,41311.0,154829.0,36,1,0.0,Employed,127248.0,3,Rented,0
27,100327.0,133914.0,36,0,6.2,Employed,125763.0,3,Rented,1
45,50041.0,306079.0,12,1,7.6,Employed,90743.0,3,Rented,1
45,26906.0,85744.0,60,0,0.3,Employed,86598.0,0,Owned,1
37,56538.0,108166.0,36,1,9.1,Unemployed,106343.0,0,Rented,1
34,31323.0,199025.0,60,0,8.4,Unemployed,95188.0,3,Rented,1
58,38461.0,215141.0,36,1,3.8,Employed,107068.0,4,Rented,1
41,63735.0,224671.0,60,1,5.3,Employed,90200.0,0,Owned,1
57,67223.0,262011.0,60,1,0.0,Employed,122139.0,0,Rented,1
64,41312.0,197872.0,36,1,4.7,Employed,0.0,2,Rented,0
35,76723.0,224045.0,24,1,6.0,Employed,73436.0,1,Owned,0
30,80465.0,156671.0,48,1,6.7,Employed,10808.0,4,Other,0
63,86599.0,185643.0,36,1,7.5,Employed,93835.0,4,Rented,0
49,66647.0,189678.0,60,1,7.0,Self-employed,162097.0,2,Owned,0
34,84995.0,199359.0,36,1,4.9,Employed,56296.0,4,Owned,0
48,13622.0,249529.0,36,1,7.1,Employed,86363.0,1,Rented,0
44,48006.0,229963.0,24,0,10.0,Employed,117824.0,4,Owned,1
61,35926.0,183980.0,48,1,5.6,Employed,0.0,2,Rented,1
32,57623.0,107179.0,60,1,7.3,Employed,53894.0,2,Owned,0
65,42428.0,186090.0,12,0,5.3,Employed,98226.0,0,Owned,1
63,51345.0,177478.0,48,0,3.4,Employed,0.0,0,Owned,0
29,96408.0,197386.0,60,1,8.1,Self-employed,31160.0,0,Rented,1
28,51266.0,378587.0,12,1,3.8,Self-employed,135043.0,2,Other,1
44,64103.0,132860.0,24,0,7.5,Unemployed,130150.0,0,Rented,0
23,49890.0,218006.0,48,1,6.1,Employed,98716.0,0,Rented,1
34,56666.0,276162.0,36,1,4.8,Employed,124110.0,3,Rented,1
40,55132.0,188820.0,12,1,4.7,Employed,90755.0,4,Owned,1
64,64863.0,390406.0,48,1,4.0,Employed,107770.0,0,Rented,1
65,80637.0,145976.0,36,1,0.0,Unemployed,64217.0,2,Other,0
27,91243.0,209168.0,60,1,7.5,Unemployed,85791.0,4,Owned,0
61,61812.0,108107.0,60,1,6.9,Employed,48381.0,2,Other,0
25,67970.0,148363.0,48,1,9.4,Employed,143174.0,0,Owned,1
54,29681.0,202404.0,36,1,3.9,Employed,156078.0,0,Owned,1
59,53067.0,256167.0,36,0,13.6,Employed,148996.0,4,Rented,1
61,75686.0,208719.0,36,0,4.5,Unemployed,59595.0,2,Other,1
31,74051.0,293320.0,24,1,2.5,Employed,32311.0,0,Owned,0
61,59655.0,171453.0,48,1,2.0,Employed,143849.0,4,Rented,1
26,74501.0,150105.0,24,1,0.0,Employed,107195.0,4,Owned,1
44,65797.0,423359.0,36,1,12.1,Employed,96429.0,3,Rented,0
42,81407.0,215481.0,12,1,11.5,Employed,48318.0,0,Rented,0
35,61366.0,115247.0,36,1,8.4,Self-employed,101283.0,0,Owned,1
21,47175.0,117516.0,36,1,2.4,Employed,25736.0,1,Rented,0
55,62389.0,95159.0,36,0,13.2,Employed,111703.0,0,Rented,1
36,12000.0,264291.0,48,1,4.6,Employed,148944.0,2,Rented,0
50,63423.0,147206.0,12,1,4.9,Employed,161552.0,1,Owned,0
39,12000.0,191463.0,60,1,11.7,Employed,115426.0,3,Owned,1
37,17084.0,174284.0,60,0,8.6,Employed,10899.0,0,Other,1
60,64939.0,245834.0,36,1,14.8,Employed,89867.0,3,Rented,0
25,65506.0,103793.0,48,1,7.0,Employed,186984.0,4,Rented,0
54,29427.0,83198.0,36,1,4.4,Self-employed,36569.0,0,Rented,0
54,39334.0,200187.0,24,0,3.6,Self-employed,77041.0,3,Rented,1
38,85152.0,234086.0,36,1,0.0,Unemployed,150676.0,2,Owned,0
32,44351.0,209928.0,24,1,4.9,Employed,110857.0,0,Rented,1
21,104344.0,107149.0,60,1,10.6,Self-employed,204008.0,1,Rented,1
63,54958.0,240974.0,60,0,8.4,Employed,43357.0,3,Owned,1
63,63977.0,113053.0,48,0,6.1,Employed,30512.0,4,Owned,1
31,90571.0,133062.0,36,0,2.0,Employed,141206.0,1,Rented,1
22,57883.0,95044.0,36,1,6.9,Employed,20206.0,0,Rented,0
26,32948.0,297104.0,60,1,10.1,Self-employed,70162.0,1,Rented,1
24,52586.0,237008.0,36,0,7.7,Employed,76718.0,4,Owned,1
58,54217.0,234449.0,12,1,6.7,Employed,131799.0,2,Other,1
61,24976.0,292249.0,36,0,2.8,Unemployed,110713.0,2,Owned,1
27,49372.0,433138.0,36,1,9.5,Employed,102853.0,0,Owned,1
54,38672.0,26170.0,36,1,0.0,Unemployed,59878.0,3,Other,0
29,75336.0,113546.0,12,0,7.5,Self-employed,140750.0,2,Rented,1
37,55761.0,124544.0,36,0,16.3,Self-employed,281291.0,2,Other,1
47,48778.0,103426.0,36,0,0.0,Self-employed,114564.0,4,Rented,1
53,52664.0,83018.0,24,0,5.0,Employed,84984.0,2,Rented,1
60,59909.0,153031.0,12,1,6.0,Employed,15107.0,4,Owned,0
23,68570.0,70506.0,36,0,4.1,Self-employed,48126.0,2,Owned,1
29,33006.0,210154.0,60,0,10.1,Self-employed,69314.0,1,Other,0
33,32085.0,184653.0,36,1,7.9,Employed,53270.0,4,Rented,1
34,79303.0,223293.0,48,1,6.6,Employed,79196.0,3,Owned,0
65,45929.0,225696.0,48,0,9.2,Employed,168901.0,3,Owned,1
55,23829.0,234271.0,36,1,6.1,Employed,142358.0,1,Owned,1
35,64764.0,146393.0,48,1,18.7,Employed,72058.0,3,Owned,0
64,65194.0,370903.0,48,1,6.6,Self-employed,19586.0,2,Rented,0
43,21324.0,201099.0,36,1,6.8,Self-employed,146868.0,0,Owned,1
43,60049.0,20000.0,12,0,0.0,Employed,77547.0,1,Owned,1
40,71183.0,89786.0,12,0,3.8,Employed,0.0,4,Other,1
27,63237.0,23355.0,60,1,10.6,Employed,115622.0,2,Rented,0
63,68904.0,181560.0,48,1,0.7,Employed,131284.0,3,Rented,0
21,24106.0,169038.0,60,1,0.0,Employed,0.0,0,Owned,1
28,62283.0,137842.0,60,0,6.1,Employed,38772.0,1,Owned,1
31,48342.0,360983.0,12,1,11.5,Employed,74477.0,4,Owned,1
33,44379.0,229408.0,48,0,6.2,Employed,116726.0,2,Owned,1
26,74152.0,245349.0,36,1,4.7,Employed,54213.0,4,Owned,0
21,87544.0,96203.0,48,1,0.0,Employed,38393.0,4,Owned,0
51,94476.0,90077.0,12,1,7.8,Employed,116358.0,1,Owned,0
64,83926.0,183312.0,36,0,8.6,Employed,56584.0,4,Owned,0
26,52586.0,195571.0,48,1,0.0,Employed,107103.0,3,Other,1
34,62760.0,20000.0,48,1,10.5,Employed,24424.0,0,Owned,1
43,71870.0,163772.0,36,1,9.1,Employed,12383.0,0,Owned,0
62,57666.0,181266.0,36,1,10.5,Employed,117763.0,0,Rented,1
52,57877.0,160637.0,36,1,8.3,Unemployed,92626.0,3,Owned,1
55,73123.0,106795.0,60,0,8.6,Employed,126123.0,0,Rented,1
47,53696.0,131442.0,36,0,8.1,Employed,53370.0,1,Rented,1
39,38956.0,164083.0,36,1,9.5,Employed,40245.0,2,Rented,0
29,45882.0,188172.0,36,0,0.0,Self-employed,148036.0,0,Owned,0
59,68946.0,234431.0,36,1,0.0,Self-employed,3852.0,1,Rented,0
57,55066.0,277277.0,36,1,3.1,Employed,142573.0,3,Rented,1
22,62485.0,153509.0,36,0,5.5,Self-employed,146025.0,4,Owned,1
53,69742.0,138946.0,48,0,7.6,Employed,123004.0,2,Owned,1
24,46753.0,219389.0,60,0,7.3,Employed,45610.0,3,Owned,0
54,71637.0,234976.0,60,0,10.5,Employed,39174.0,2,Rented,0
58,63335.0,140922.0,36,1,10.6,Employed,69497.0,2,Owned,0
26,27834.0,251135.0,36,1,2.5,Unemployed,15248.0,2,Owned,0
40,86731.0,268163.0,48,0,7.0,Self-employed,31915.0,4,Rented,0
26,43984.0,296252.0,48,1,2.6,Employed,112237.0,0,Other,1
46,18588.0,340049.0,36,1,5.2,Unemployed,112467.0,2,Owned,1
62,32009.0,102023.0,48,1,7.3,Employed,27521.0,0,Owned,0
24,32537.0,181251.0,48,1,0.0,Employed,113806.0,4,Owned,1
38,56148.0,181015.0,48,1,15.6,Self-employed,102715.0,3,Rented,0
64,48975.0,171173.0,48,1,8.3,Employed,155494.0,0,Rented,1
34,47590.0,121566.0,24,1,3.6,Employed,108457.0,3,Rented,1
26,68633.0,46299.0,36,1,13.7,Employed,132929.0,2,Owned,1
42,62477.0,188341.0,36,1,4.6,Employed,103854.0,0,Owned,1
43,61953.0,110848.0,12,0,6.5,Employed,128996.0,4,Owned,1
50,64016.0,187739.0,60,1,4.1,Employed,15644.0,1,Owned,0
35,68555.0,108536.0,36,1,12.6,Employed,73913.0,0,Rented,0
64,12000.0,81031.0,24,1,5.6,Employed,78051.0,3,Rented,1
44,46982.0,201087.0,48,1,6.6,Employed,67813.0,1,Owned,1
33,12000.0,193583.0,48,1,10.8,Self-employed,102194.0,3,Rented,1
64,55793.0,232135.0,48,1,8.3,Employed,111719.0,0,Owned,1
62,54898.0,376728.0,36,1,5.8,Employed,99613.0,4,Rented,0
43,78002.0,204956.0,60,1,10.4,Self-employed,71153.0,2,Owned,0
22,81128.0,223657.0,36,1,16.2,Self-employed,43213.0,2,Rented,0
47,59461.0,83019.0,36,1,7.3,Employed,134859.0,4,Owned,0
45,43992.0,64178.0,12,1,6.5,Self-employed,97487.0,2,Other,0
27,65674.0,322455.0,36,1,6.7,Self-employed,29069.0,0,Other,0
49,43386.0,96887.0,48,0,11.2,Employed,70316.0,2,Rented,0
58,54969.0,86045.0,36,1,3.6,Self-employed,0.0,3,Rented,0
25,76695.0,176481.0,36,0,4.9,Self-employed,81769.0,1,Owned,1
53,42729.0,171883.0,48,1,0.0,Employed,70081.0,0,Rented,1
27,72725.0,98774.0,48,0,1.3,Employed,51277.0,0,Owned,0
54,69903.0,152552.0,36,1,3.9,Self-employed,159230.0,4,Rented,0
39,33995.0,290644.0,60,1,5.8,Unemployed,22192.0,0,Owned,0
21,76426.0,107461.0,48,0,13.1,Employed,115320.0,2,Owned,0
64,70368.0,54569.0,60,1,8.1,Self-employed,189335.0,4,Rented,1
28,57242.0,264833.0,60,1,2.4,Self-employed,133863.0,1,Owned,1
47,38229.0,224307.0,60,1,3.1,Self-employed,78423.0,1,Rented,0
29,36097.0,124153.0,48,0,11.5,Unemployed,23297.0,3,Owned,1
62,43171.0,37605.0,36,1,10.5,Employed,11897.0,3,Rented,0
54,66937.0,112984.0,24,1,6.1,Employed,59422.0,0,Rented,0
57,33976.0,175077.0,36,1,4.2,Employed,45650.0,2,Rented,0
40,64625.0,284910.0,48,0,10.5,Employed,44023.0,0,Owned,1
42,27681.0,86708.0,36,1,2.0,Employed,63684.0,1,Owned,1
49,50510.0,172393.0,60,1,7.6,Self-employed,74888.0,1,Owned,0
56,57412.0,240763.0,24,0,15.1,Unemployed,104261.0,4,Owned,1
59,108793.0,20000.0,36,1,6.8,Employed,18110.0,4,Rented,1
21,24699.0,273041.0,36,0,2.9,Self-employed,45888.0,3,Owned,1
50,87384.0,73579.0,36,1,7.6,Employed,72016.0,3,Owned,0
25,58297.0,209880.0,24,1,4.1,Employed,70226.0,0,Owned,0
33,64046.0,202201.0,24,0,0.4,Employed,171821.0,0,Other,1
58,57604.0,277613.0,48,1,8.8,Employed,91612.0,3,Owned,0
32,64784.0,229583.0,36,1,10.5,Employed,0.0,2,Owned,0
56,51619.0,20000.0,12,1,4.8,Self-employed,100909.0,2,Rented,0
41,86989.0,109370.0,12,1,4.5,Employed,107283.0,3,Owned,0
31,44958.0,192438.0,36,1,2.2,Employed,73744.0,1,Other,0
36,79909.0,162452.0,24,0,5.4,Employed,19330.0,3,Owned,0
44,40824.0,222985.0,48,1,3.8,Employed,167903.0,3,Rented,1
55,53674.0,251043.0,48,1,2.0,Unemployed,26506.0,1,Rented,0
48,31417.0,234761.0,24,1,13.6,Unemployed,113039.0,3,Rented,1
62,65011.0,160715.0,36,0,7.9,Employed,90003.0,0,Rented,1
60,86793.0,20000.0,24,0,8.3,Employed,110041.0,1,Rented,0
54,53298.0,139007.0,36,1,9.5,Employed,165343.0,3,Owned,0
48,50669.0,217473.0,60,0,9.1,Self-employed,108082.0,4,Rented,1
34,30478.0,81860.0,36,0,4.3,Employed,52067.0,0,Rented,0
39,49956.0,236815.0,60,1,7.1,Employed,135300.0,3,Rented,1
26,19959.0,261755.0,24,1,4.9,Employed,48445.0,2,Rented,1
37,34917.0,191418.0,36,0,7.8,Employed,88178.0,3,Owned,1
62,59989.0,20000.0,36,0,7.4,Employed,15346.0,3,Owned,1
40,84018.0,64972.0,36,1,4.5,Employed,28336.0,0,Owned,0
26,116803.0,349757.0,60,1,0.7,Employed,82569.0,3,Owned,0
50,42095.0,130812.0,24,1,6.6,Employed,98404.0,1,Owned,0
64,86577.0,20000.0,60,0,5.2,Employed,0.0,0,Owned,1
60,60363.0,291172.0,60,0,0.0,Employed,104864.0,2,Rented,1
33,51673.0,181202.0,36,1,8.0,Employed,39029.0,0,Rented,0
41,64517.0,279445.0,36,1,9.9,Self-employed,143984.0,3,Rented,1
44,56362.0,204926.0,36,1,16.1,Unemployed,62402.0,2,Rented,0
32,57429.0,221270.0,36,1,4.4,Employed,23819.0,2,Owned,0
33,46017.0,212671.0,48,1,3.8,Self-employed,83790.0,0,Owned,1
31,24242.0,242774.0,36,1,1.6,Self-employed,34188.0,3,Rented,1
65,21040.0,384969.0,60,1,6.8,Self-employed,143447.0,0,Rented,1
54,69371.0,267391.0,36,0,6.8,Employed,80027.0,1,Rented,1
58,48913.0,37769.0,36,1,2.8,Employed,72416.0,1,Rented,1
57,41886.0,220200.0,48,1,5.3,Employed,109590.0,3,Rented,0
64,55187.0,282733.0,36,1,0.0,Unemployed,29753.0,2,Rented,1
25,72489.0,288243.0,60,1,9.7,Employed,15542.0,4,Rented,0
60,58968.0,141606.0,24,1,2.9,Employed,100418.0,4,Rented,1
23,40567.0,284845.0,60,1,5.9,Employed,25016.0,3,Owned,1
42,81978.0,263497.0,48,0,0.3,Employed,24999.0,0,Owned,1
47,89742.0,411527.0,60,1,3.7,Employed,121838.0,3,Owned,0
37,65880.0,112500.0,36,1,4.9,Employed,106253.0,1,Rented,0
27,76421.0,134334.0,48,0,6.0,Employed,17309.0,4,Rented,1
29,82323.0,152449.0,36,1,7.9,Self-employed,49043.0,4,Owned,0
58,79862.0,135880.0,48,1,11.8,Employed,34813.0,0,Owned,0
35,68510.0,99898.0,24,1,8.9,Employed,168816.0,0,Rented,0
34,68164.0,20000.0,36,0,9.8,Self-employed,125301.0,3,Owned,0
62,66433.0,140877.0,36,1,11.8,Employed,58958.0,0,Rented,1
27,30859.0,213242.0,36,0,8.3,Self-employed,108810.0,4,Owned,1
62,70416.0,135610.0,36,0,5.9,Self-employed,12191.0,2,Owned,1
62,25172.0,354184.0,48,1,10.0,Employed,46368.0,2,Owned,0
47,37519.0,181204.0,36,0,10.3,Employed,85243.0,4,Owned,1
28,83678.0,296193.0,48,0,8.6,Employed,102612.0,1,Owned,0
28,73485.0,203528.0,12,1,0.2,Employed,75127.0,2,Owned,0
33,87723.0,254377.0,48,1,2.6,Employed,92401.0,4,Owned,0
46,49023.0,205132.0,48,1,4.9,Employed,83917.0,0,Owned,1
27,29651.0,303191.0,36,1,9.1,Employed,71821.0,0,Rented,0
41,49710.0,185035.0,48,1,5.9,Employed,65193.0,0,Owned,0
26,57245.0,224651.0,60,1,10.5,Employed,58687.0,1,Owned,1
45,56738.0,212970.0,48,1,11.3,Employed,91597.0,0,Owned,1
21,79941.0,154054.0,36,1,10.8,Employed,100541.0,0,Other,0
52,47052.0,216448.0,36,1,10.8,Unemployed,89918.0,4,Rented,1
23,62745.0,381095.0,48,0,1.9,Employed,21070.0,2,Other,1
29,33250.0,155664.0,36,1,7.9,Employed,30054.0,1,Other,0
28,64907.0,217752.0,48,1,3.6,Employed,99944.0,2,Owned,1
58,55068.0,293200.0,36,0,0.0,Employed,153584.0,4,Rented,1
23,38504.0,282623.0,48,0,4.9,Employed,87621.0,2,Owned,1
40,49812.0,181054.0,24,1,11.3,Self-employed,59417.0,2,Rented,0
47,50948.0,20000.0,12,1,7.8,Employed,91217.0,4,Owned,0
44,49057.0,226503.0,60,0,14.1,Employed,23159.0,0,Owned,0
51,93970.0,20000.0,60,0,6.7,Employed,145447.0,2,Other,1
57,52834.0,312294.0,60,1,15.8,Self-employed,89330.0,3,Rented,1
38,49634.0,195253.0,60,1,6.7,Employed,46527.0,2,Other,0
58,12000.0,269971.0,36,1,6.1,Employed,71660.0,4,Owned,1
35,35327.0,98810.0,36,1,0.9,Self-employed,53648.0,4,Owned,1
65,49212.0,40274.0,24,0,10.4,Self-employed,145583.0,1,Owned,0
43,39911.0,203468.0,36,0,4.0,Employed,69888.0,4,Owned,1
54,85398.0,176976.0,24,1,3.4,Unemployed,87768.0,1,Rented,1
60,51371.0,135761.0,60,1,11.1,Self-employed,108686.0,1,Owned,0
56,83346.0,187620.0,12,1,10.6,Employed,42962.0,4,Rented,0
59,56358.0,429069.0,24,1,10.5,Self-employed,89685.0,0,Owned,0
45,55819.0,255107.0,36,1,4.6,Employed,93722.0,1,Rented,1
22,53046.0,274455.0,24,1,5.8,Employed,2296.0,3,Rented,1
43,55084.0,255954.0,24,1,5.8,Employed,92635.0,2,Rented,0
29,92813.0,313152.0,48,1,9.1,Self-employed,77712.0,4,Owned,0
61,12000.0,162894.0,36,1,12.2,Employed,86498.0,1,Owned,0
31,12000.0,20000.0,36,1,7.5,Employed,81781.0,2,Owned,0
31,43050.0,163027.0,60,1,13.9,Employed,92958.0,0,Rented,0
32,55320.0,253056.0,36,1,9.6,Employed,146867.0,1,Rented,0
49,70182.0,92718.0,48,0,5.1,Unemployed,21025.0,0,Owned,1
46,65408.0,164127.0,36,0,9.3,Self-employed,62892.0,3,Other,1
63,46547.0,117741.0,24,1,12.8,Employed,113331.0,1,Rented,1
39,77419.0,315183.0,36,1,14.0,Self-employed,104046.0,3,Rented,1
33,77664.0,247451.0,60,1,10.7,Self-employed,102970.0,1,Owned,0
23,59049.0,238639.0,36,1,6.1,Employed,217679.0,2,Other,1
21,76178.0,235944.0,36,0,5.1,Employed,110707.0,4,Owned,0
37,60998.0,176648.0,36,1,8.3,Employed,136547.0,4,Owned,0
62,42647.0,197780.0,48,1,12.7,Employed,64646.0,0,Rented,1
44,70352.0,73333.0,48,1,7.7,Employed,30354.0,3,Rented,0
61,57433.0,20000.0,36,1,7.8,Employed,64284.0,4,Rented,0
25,55029.0,193507.0,60,0,6.2,Unemployed,115598.0,3,Owned,1
25,87405.0,209159.0,48,1,4.7,Employed,100341.0,0,Owned,0
58,12000.0,288834.0,36,1,5.4,Self-employed,100163.0,3,Rented,1
25,23811.0,321420.0,24,1,6.5,Unemployed,69283.0,3,Rented,1
23,28884.0,321300.0,24,1,12.9,Employed,61310.0,3,Owned,1
39,47008.0,90178.0,60,1,5.0,Employed,71007.0,2,Owned,1
62,49399.0,148296.0,36,1,6.2,Self-employed,116224.0,2,Rented,0
52,21839.0,223230.0,36,1,2.5,Self-employed,122036.0,3,Rented,1
25,33327.0,407871.0,36,1,8.9,Employed,29688.0,2,Owned,1
58,36061.0,313209.0,12,1,11.5,Employed,118117.0,3,Rented,0
58,109063.0,280746.0,48,0,12.5,Employed,47464.0,3,Other,0
57,94638.0,145099.0,24,0,6.8,Self-employed,103446.0,1,Owned,1
61,45942.0,100512.0,48,0,8.3,Self-employed,70402.0,3,Rented,0
31,47001.0,251002.0,36,0,5.4,Employed,158289.0,3,Rented,0
65,29718.0,80940.0,36,1,8.1,Employed,59096.0,2,Rented,1
35,13021.0,158541.0,12,1,7.3,Employed,88931.0,3,Rented,1
57,52429.0,169670.0,48,0,6.2,Unemployed,110330.0,0,Rented,1
47,33047.0,323362.0,24,1,6.6,Unemployed,36302.0,1,Rented,0
56,53133.0,148077.0,12,1,7.8,Self-employed,76357.0,3,Owned,0
49,19795.0,20000.0,48,1,4.8,Employed,66671.0,4,Rented,1
49,38237.0,225400.0,36,0,5.0,Employed,54309.0,3,Owned,0
48,58270.0,117088.0,36,1,12.8,Employed,58014.0,3,Owned,0
56,63057.0,183837.0,36,0,16.8,Employed,135601.0,1,Rented,0
54,64184.0,172197.0,60,1,1.2,Employed,50072.0,3,Rented,0
27,25949.0,155367.0,36,0,1.0,Self-employed,108320.0,1,Other,1
58,73803.0,251131.0,24,1,2.2,Employed,95730.0,0,Rented,0
45,37395.0,42042.0,36,1,5.6,Employed,10151.0,1,Rented,0
35,68923.0,133469.0,24,0,9.6,Unemployed,105958.0,3,Owned,0
44,54766.0,241563.0,36,0,8.4,Self-employed,9324.0,4,Rented,1
64,24719.0,124732.0,24,1,6.7,Employed,111405.0,2,Other,0
59,48044.0,35207.0,24,1,8.1,Unemployed,54640.0,4,Owned,1
58,63038.0,240170.0,36,1,3.2,Employed,80418.0,3,Rented,0
41,68485.0,281079.0,60,0,5.0,Employed,15286.0,2,Rented,1
56,51898.0,175950.0,12,0,5.9,Employed,86119.0,4,Owned,0
38,88699.0,20000.0,24,1,0.0,Self-employed,126348.0,2,Rented,1
51,77165.0,243537.0,60,1,1.4,Employed,39652.0,2,Owned,0
49,49354.0,30610.0,60,0,1.5,Employed,49642.0,3,Owned,1
32,71503.0,207792.0,48,1,9.1,Employed,102731.0,3,Owned,0
32,97543.0,100128.0,36,1,7.0,Employed,103981.0,2,Owned,0
23,98131.0,75614.0,36,0,8.4,Self-employed,0.0,2,Owned,1
27,27984.0,140228.0,24,1,0.0,Employed,180770.0,4,Rented,1
40,34616.0,163503.0,24,0,0.1,Employed,106428.0,0,Owned,1
42,87668.0,122021.0,36,1,8.7,Employed,114846.0,0,Rented,0
28,31718.0,232983.0,36,1,0.0,Employed,72823.0,2,Rented,0
39,25904.0,139854.0,36,1,10.9,Employed,0.0,0,Owned,1
48,44304.0,268217.0,36,0,0.0,Employed,113736.0,1,Owned,1
31,64245.0,205306.0,36,1,9.4,Employed,51741.0,2,Other,0
36,52747.0,117220.0,36,1,2.4,Employed,107197.0,2,Rented,0
37,40688.0,102065.0,48,1,10.2,Self-employed,69060.0,1,Other,1
43,40167.0,31725.0,60,1,18.8,Unemployed,91902.0,1,Owned,1
37,39329.0,206166.0,36,0,0.0,Employed,41250.0,3,Rented,1
54,35651.0,148087.0,36,1,8.8,Employed,123219.0,4,Rented,1
35,105196.0,20000.0,36,1,0.0,Employed,20581.0,3,Other,1
40,61545.0,131786.0,12,1,7.7,Employed,192278.0,2,Owned,0
38,74509.0,98907.0,48,0,5.2,Employed,191897.0,0,Other,1
29,44240.0,321811.0,24,1,6.5,Unemployed,161635.0,1,Owned,1
51,50909.0,26750.0,36,1,2.4,Self-employed,143774.0,2,Rented,1
31,39302.0,50278.0,36,1,9.1,Employed,75773.0,1,Rented,0
34,12000.0,279897.0,24,1,0.2,Unemployed,138327.0,3,Rented,1
56,24684.0,302109.0,24,1,11.0,Employed,75191.0,1,Owned,1
63,15166.0,112952.0,36,0,4.4,Employed,2324.0,4,Rented,1
51,12000.0,123112.0,60,1,0.4,Employed,155160.0,1,Owned,1
62,28702.0,235461.0,36,1,12.4,Employed,136441.0,2,Rented,0
59,84149.0,20000.0,36,1,5.7,Self-employed,78433.0,3,Rented,1
42,54022.0,20000.0,12,0,13.6,Employed,18741.0,1,Rented,0
55,83392.0,154734.0,36,1,10.9,Employed,50690.0,3,Rented,0
35,64042.0,319490.0,24,1,2.8,Employed,0.0,2,Rented,1
41,72216.0,140784.0,36,0,5.7,Unemployed,127254.0,3,Rented,1
45,35180.0,189084.0,48,1,6.5,Employed,0.0,2,Rented,0
64,66527.0,282041.0,36,1,12.1,Employed,94342.0,4,Rented,0
59,71032.0,369620.0,36,0,7.8,Employed,37815.0,3,Rented,1
43,42314.0,128084.0,12,1,6.7,Unemployed,8665.0,0,Rented,0
50,67310.0,178485.0,12,1,5.2,Employed,91918.0,2,Rented,0
30,67456.0,343985.0,36,1,5.8,Employed,63310.0,4,Owned,0
57,42910.0,43002.0,60,1,11.2,Self-employed,121909.0,1,Rented,1
45,30299.0,272482.0,36,1,6.0,Employed,16620.0,2,Owned,0
44,28949.0,88352.0,36,0,4.4,Employed,42134.0,3,Owned,1
55,56903.0,189223.0,48,1,3.7,Employed,0.0,1,Rented,0
49,62194.0,158164.0,12,1,3.8,Employed,0.0,2,Owned,0
24,37564.0,93779.0,24,1,0.4,Employed,169910.0,2,Rented,0
33,55585.0,91521.0,36,1,3.0,Employed,184180.0,0,Other,1
28,67552.0,204877.0,48,0,12.0,Employed,84636.0,0,Owned,0
54,68600.0,269599.0,36,1,5.2,Employed,38809.0,2,Owned,0
22,89141.0,168324.0,48,0,8.8,Employed,65078.0,0,Owned,0
30,83094.0,186310.0,60,0,0.0,Unemployed,123679.0,4,Owned,1
47,32972.0,231406.0,48,1,8.3,Employed,54281.0,2,Rented,1
52,92039.0,92554.0,60,1,5.4,Employed,91882.0,3,Rented,0
43,43319.0,246572.0,48,1,4.1,Employed,79362.0,1,Rented,0
59,77987.0,253741.0,60,1,6.7,Self-employed,51559.0,1,Owned,1
62,56496.0,414326.0,48,1,4.0,Employed,53690.0,2,Rented,0
26,45933.0,146151.0,48,1,0.0,Employed,94666.0,3,Owned,0
63,15231.0,138773.0,48,1,9.7,Employed,31156.0,1,Rented,0
48,51226.0,249207.0,60,1,7.0,Employed,102586.0,1,Rented,1
49,20694.0,253719.0,36,1,4.7,Self-employed,56421.0,0,Owned,0
25,76281.0,131842.0,36,1,2.1,Self-employed,86368.0,2,Rented,0
48,88369.0,143715.0,36,0,0.1,Self-employed,149198.0,3,Rented,1
53,37468.0,228702.0,60,0,6.9,Employed,71590.0,2,Owned,1
47,61643.0,105517.0,36,1,12.5,Employed,125990.0,1,Rented,1
24,39041.0,143052.0,48,1,6.8,Employed,0.0,1,Rented,0
44,41173.0,188063.0,48,1,0.5,Self-employed,56482.0,1,Owned,0
63,72039.0,269634.0,60,0,6.9,Unemployed,81384.0,1,Owned,0
53,54152.0,125586.0,36,1,5.8,Unemployed,176167.0,1,Rented,1
27,93272.0,20000.0,48,1,9.5,Employed,0.0,4,Other,0
64,44391.0,20000.0,48,1,8.4,Self-employed,75190.0,1,Rented,1
64,76985.0,66653.0,60,1,0.0,Employed,152834.0,1,Rented,1
28,57143.0,61815.0,60,1,8.2,Self-employed,40749.0,3,Rented,1
57,72507.0,166085.0,36,1,2.0,Employed,69358.0,4,Owned,0
39,45163.0,73001.0,36,0,0.3,Employed,96587.0,2,Owned,0
47,53910.0,116752.0,24,1,5.2,Employed,89225.0,3,Owned,0
41,52459.0,110332.0,60,0,7.6,Unemployed,158289.0,0,Other,0
56,36607.0,140354.0,36,1,0.0,Employed,102424.0,2,Rented,1
65,69566.0,299025.0,48,1,8.8,Employed,146389.0,0,Other,0
56,69305.0,239575.0,48,1,9.1,Employed,62000.0,0,Owned,1
62,68058.0,181452.0,36,0,6.2,Employed,42974.0,2,Rented,1
63,88813.0,138508.0,24,1,2.5,Unemployed,68714.0,1,Rented,0
25,86886.0,141009.0,24,0,2.1,Employed,22045.0,0,Owned,1
32,46751.0,209497.0,60,1,10.1,Employed,104176.0,0,Owned,1
53,63207.0,232575.0,36,1,0.0,Self-employed,60706.0,3,Rented,0
47,41281.0,98314.0,24,1,10.3,Employed,46411.0,2,Rented,1
23,55514.0,183283.0,48,1,5.3,Employed,104933.0,1,Rented,0
25,41806.0,20000.0,36,1,5.6,Employed,22814.0,4,Owned,1
44,90642.0,199054.0,60,1,0.0,Employed,118525.0,1,Rented,0
48,63001.0,248593.0,36,1,5.4,Employed,56083.0,4,Owned,0
28,50203.0,154794.0,24,1,8.5,Employed,137955.0,1,Owned,0
28,81260.0,343487.0,24,0,0.7,Employed,60363.0,0,Rented,1
26,12000.0,100689.0,36,1,8.0,Self-employed,111595.0,0,Owned,0
46,12000.0,199570.0,36,0,6.4,Self-employed,88978.0,1,Other,1
21,72508.0,176776.0,48,1,3.4,Self-employed,117195.0,0,Rented,1
46,56330.0,170973.0,36,0,9.4,Employed,85497.0,0,Owned,1
42,60510.0,169711.0,36,0,0.0,Employed,0.0,1,Owned,0
41,25819.0,189639.0,36,1,7.4,Unemployed,130440.0,4,Rented,0
51,54489.0,256316.0,36,0,12.5,Self-employed,75616.0,1,Owned,1
44,99077.0,303996.0,60,1,11.8,Employed,119476.0,1,Owned,0
53,73132.0,179797.0,24,1,7.6,Employed,114512.0,4,Owned,0
55,58734.0,253378.0,60,0,4.8,Employed,41335.0,1,Owned,0
62,45341.0,116841.0,36,0,3.5,Employed,34260.0,4,Rented,1
56,46319.0,248936.0,24,1,4.8,Employed,112768.0,3,Rented,1
44,12000.0,111421.0,36,0,8.2,Employed,64838.0,4,Owned,0
43,60668.0,278159.0,12,0,2.8,Unemployed,126821.0,2,Rented,1
31,73601.0,378958.0,48,0,9.0,Employed,71090.0,2,Owned,1
47,20336.0,169012.0,36,1,14.5,Employed,131170.0,1,Rented,1
27,40449.0,20000.0,36,1,5.8,Employed,101165.0,2,Owned,0
62,29536.0,130673.0,48,0,0.6,Self-employed,94399.0,3,Rented,1
59,33762.0,290869.0,36,1,0.6,Self-employed,61299.0,4,Owned,1
26,56177.0,229777.0,60,1,9.1,Employed,91621.0,0,Rented,0
56,12000.0,202402.0,60,0,5.8,Employed,139643.0,0,Owned,1
26,68514.0,270780.0,48,1,9.5,Employed,77289.0,0,Other,1
53,71585.0,223601.0,48,1,3.9,Self-employed,106559.0,3,Owned,0
24,49476.0,289595.0,48,1,9.3,Employed,82318.0,0,Other,0
42,12000.0,262748.0,36,1,5.4,Self-employed,86230.0,4,Other,1
50,33079.0,316953.0,48,1,3.1,Employed,166171.0,1,Owned,0
53,82124.0,212292.0,12,0,4.4,Employed,140087.0,1,Owned,1
39,12000.0,261473.0,48,1,1.2,Employed,83970.0,4,Owned,1
62,47354.0,152359.0,60,1,14.0,Employed,90723.0,3,Other,0
55,29040.0,125869.0,24,1,5.6,Employed,44906.0,2,Rented,1
30,72701.0,333609.0,48,0,8.6,Employed,71351.0,4,Rented,1
51,40147.0,199458.0,60,1,3.9,Self-employed,95470.0,3,Owned,0
53,63887.0,252439.0,24,0,1.8,Employed,122531.0,3,Rented,1
36,67440.0,191137.0,36,1,5.1,Unemployed,117461.0,1,Owned,0
54,95397.0,127214.0,60,1,10.4,Employed,24537.0,4,Owned,0
61,50535.0,180988.0,60,1,3.9,Employed,128849.0,3,Owned,1
57,63273.0,309239.0,24,0,2.5,Unemployed,75561.0,4,Rented,1
55,22329.0,229972.0,36,1,6.6,Self-employed,30650.0,4,Rented,1
49,81189.0,25967.0,48,0,8.0,Employed,146819.0,2,Rented,1
33,38269.0,160628.0,24,0,12.6,Self-employed,153164.0,1,Owned,1
56,42663.0,340406.0,36,1,7.4,Employed,93187.0,4,Owned,1
37,54511.0,160758.0,12,1,8.6,Employed,115440.0,4,Rented,0
44,20617.0,20000.0,24,1,8.9,Employed,118372.0,0,Rented,0
35,60033.0,350374.0,36,1,1.4,Employed,149789.0,3,Owned,0
35,76284.0,241415.0,48,0,2.1,Employed,116403.0,3,Owned,1
28,61445.0,173699.0,36,0,1.7,Employed,13616.0,3,Rented,1
64,20044.0,146572.0,48,1,0.7,Unemployed,180490.0,4,Other,0
27,52276.0,277412.0,36,1,9.2,Self-employed,133283.0,1,Rented,0
24,71325.0,131221.0,36,1,7.2,Self-employed,54524.0,4,Owned,0
63,13684.0,283343.0,12,0,6.3,Self-employed,28519.0,3,Rented,1
45,31355.0,228798.0,24,1,0.0,Employed,105241.0,0,Owned,1
40,74284.0,202021.0,36,1,14.2,Employed,66087.0,2,Rented,1
54,60942.0,193096.0,24,0,2.4,Employed,96500.0,0,Owned,0
38,64063.0,164253.0,12,0,14.2,Employed,117170.0,4,Owned,1
26,95909.0,274108.0,24,1,0.2,Employed,51678.0,3,Rented,0
53,65308.0,102119.0,48,1,2.8,Employed,24195.0,4,Owned,0
28,69474.0,34027.0,36,1,0.0,Employed,99291.0,3,Owned,0
45,114636.0,235300.0,60,1,7.4,Employed,53331.0,1,Rented,0
63,50296.0,236811.0,48,1,1.6,Employed,87305.0,2,Rented,1
63,37447.0,223222.0,36,0,1.7,Employed,12834.0,4,Rented,1
37,64412.0,216696.0,24,1,0.5,Employed,67391.0,0,Owned,0
56,64658.0,151151.0,36,0,9.1,Unemployed,115748.0,4,Owned,0
48,43412.0,250873.0,12,1,8.8,Employed,110297.0,2,Rented,1
42,32287.0,175900.0,36,0,13.2,Self-employed,40582.0,2,Owned,0
27,105817.0,136160.0,36,1,3.3,Self-employed,21587.0,3,Owned,0
37,62191.0,151930.0,36,1,6.9,Employed,80788.0,0,Rented,0
50,38890.0,361858.0,36,1,0.8,Employed,108052.0,0,Other,1
65,75150.0,23852.0,48,1,4.7,Employed,100259.0,0,Owned,1
21,52599.0,224981.0,48,1,3.9,Employed,54392.0,3,Rented,0
53,49437.0,28880.0,48,1,7.9,Employed,94891.0,0,Rented,1
59,67370.0,170259.0,36,1,10.1,Unemployed,155118.0,3,Owned,1
63,26579.0,140974.0,36,1,10.0,Unemployed,90257.0,0,Rented,0
40,62758.0,20000.0,12,1,2.6,Employed,0.0,3,Owned,1
26,97085.0,215013.0,48,1,10.0,Employed,90160.0,4,Owned,0
33,65256.0,145797.0,36,1,5.8,Employed,182198.0,2,Other,0
59,46723.0,20000.0,36,1,4.7,Self-employed,15630.0,1,Rented,0
60,43844.0,255561.0,36,1,3.2,Employed,81486.0,2,Owned,1
49,45973.0,309151.0,60,1,3.8,Employed,68683.0,3,Rented,0
26,49413.0,314111.0,36,0,13.0,Self-employed,84794.0,3,Other,1
26,46688.0,212306.0,36,0,7.2,Employed,89713.0,3,Owned,0
42,75159.0,184145.0,36,1,6.7,Employed,136999.0,2,Other,1
47,16869.0,299534.0,36,0,5.0,Employed,84239.0,3,Rented,1
22,73964.0,331415.0,36,1,15.8,Employed,143863.0,1,Owned,0
51,46647.0,282021.0,36,1,11.2,Employed,74117.0,1,Rented,1
45,63293.0,95262.0,36,0,3.1,Employed,62493.0,4,Rented,0
21,30206.0,198121.0,48,1,4.9,Employed,46541.0,2,Rented,1
25,84230.0,219556.0,12,0,5.1,Unemployed,0.0,4,Owned,1
41,82404.0,20000.0,48,1,6.6,Employed,93789.0,3,Owned,0
53,76111.0,222242.0,36,1,3.2,Unemployed,182700.0,2,Owned,0
58,21675.0,384569.0,48,0,7.8,Employed,102912.0,2,Rented,1
40,73241.0,237594.0,36,0,11.8,Self-employed,114337.0,3,Rented,1
34,63907.0,312607.0,48,1,0.7,Employed,59348.0,0,Rented,0
64,19684.0,196462.0,36,1,1.5,Self-employed,67783.0,2,Rented,0
41,54465.0,173410.0,60,0,4.1,Employed,129232.0,3,Owned,1
35,63020.0,214314.0,36,1,4.3,Employed,180435.0,0,Owned,1
40,67234.0,106576.0,48,0,14.0,Employed,154397.0,0,Rented,1
21,58900.0,93260.0,48,1,10.0,Employed,120262.0,0,Rented,0
34,61407.0,293967.0,36,0,9.8,Unemployed,81758.0,2,Rented,1
44,87419.0,303511.0,36,1,4.9,Unemployed,90486.0,1,Owned,0
62,81973.0,90800.0,36,0,4.9,Self-employed,42325.0,2,Owned,0
54,12000.0,267120.0,36,1,0.2,Employed,7592.0,0,Other,0
56,48016.0,172174.0,36,1,9.1,Self-employed,23660.0,1,Owned,0
45,51378.0,210583.0,36,0,8.0,Self-employed,82490.0,0,Owned,1
25,16454.0,221420.0,36,1,11.1,Employed,65400.0,4,Rented,0
38,57072.0,269492.0,24,0,5.2,Employed,6528.0,2,Rented,1
65,82473.0,187445.0,48,1,5.4,Employed,78134.0,0,Other,0
22,31096.0,306915.0,36,1,6.7,Employed,64078.0,2,Other,1
60,62401.0,207847.0,48,1,9.6,Employed,21358.0,4,Rented,0
51,34852.0,236177.0,24,0,0.1,Self-employed,61491.0,4,Owned,1
33,40218.0,105006.0,36,0,8.9,Employed,63952.0,4,Rented,1
56,87503.0,374279.0,12,0,5.9,Employed,49168.0,2,Rented,1
58,43064.0,222284.0,48,1,1.8,Employed,126334.0,1,Owned,1
22,65169.0,244170.0,36,0,0.0,Self-employed,0.0,1,Other,0
25,13833.0,35263.0,60,1,5.5,Unemployed,0.0,1,Rented,0
50,95971.0,105957.0,36,1,11.8,Self-employed,80164.0,4,Owned,1
65,68258.0,291410.0,36,1,12.7,Employed,84806.0,0,Rented,0
22,50985.0,205820.0,36,1,7.4,Employed,100211.0,4,Rented,0
50,67662.0,20000.0,36,0,13.8,Employed,53051.0,4,Owned,0
27,23984.0,273446.0,36,1,5.8,Employed,34104.0,4,Owned,1
50,81016.0,131060.0,36,1,9.8,Employed,79634.0,3,Rented,0
49,47872.0,307019.0,24,1,4.2,Self-employed,57921.0,4,Owned,0
25,50510.0,172095.0,24,1,3.9,Self-employed,157554.0,0,Owned,0
51,44184.0,198424.0,24,1,3.3,Employed,63789.0,4,Rented,0
61,42226.0,286106.0,60,1,0.0,Self-employed,77341.0,2,Rented,0
59,70283.0,99226.0,36,0,11.1,Employed,203771.0,4,Rented,1
22,60630.0,90644.0,12,1,3.4,Employed,70262.0,0,Other,0
32,69338.0,162315.0,60,0,2.8,Employed,107808.0,4,Other,1
31,54807.0,254446.0,12,1,1.3,Employed,112315.0,2,Rented,1
41,66290.0,60221.0,36,1,5.2,Employed,116570.0,0,Owned,1
27,45785.0,29877.0,48,0,13.1,Employed,94474.0,2,Rented,1
59,104054.0,254135.0,60,1,14.4,Employed,89692.0,0,Owned,0
55,20506.0,125732.0,48,1,0.0,Employed,85017.0,0,Rented,0
57,82741.0,144700.0,36,0,4.6,Employed,51200.0,2,Rented,1
29,85094.0,20000.0,60,1,1.9,Self-employed,96276.0,4,Owned,1
21,36253.0,118892.0,12,1,10.0,Self-employed,181432.0,0,Rented,0
61,104044.0,179319.0,60,1,7.1,Employed,140534.0,1,Rented,0
34,76901.0,263734.0,48,1,3.5,Employed,95196.0,1,Other,1
50,76365.0,110589.0,60,1,6.3,Employed,122791.0,2,Owned,0
61,55616.0,329164.0,36,1,4.1,Employed,36541.0,0,Other,1
22,50221.0,118390.0,24,1,12.5,Employed,66974.0,3,Owned,1
21,50393.0,118522.0,48,1,8.2,Employed,127392.0,2,Rented,0
21,63592.0,318362.0,36,1,8.7,Employed,154358.0,4,Other,1
28,85826.0,199031.0,36,1,0.0,Unemployed,41457.0,1,Owned,0
23,58989.0,130318.0,60,1,5.7,Employed,55821.0,2,Owned,0
57,34948.0,166038.0,36,1,14.3,Self-employed,189069.0,0,Rented,0
48,73137.0,301777.0,36,1,11.3,Employed,84813.0,4,Rented,1
65,75265.0,311958.0,36,1,0.0,Employed,171168.0,4,Owned,1
57,69403.0,106489.0,24,1,4.7,Unemployed,90343.0,1,Rented,1
64,71401.0,176181.0,24,1,1.2,Employed,92309.0,2,Rented,0
31,49040.0,188114.0,24,1,12.8,Employed,64725.0,4,Owned,0
33,34562.0,91238.0,48,1,7.0,Unemployed,127128.0,1,Rented,1
59,35900.0,174988.0,48,0,2.9,Employed,147889.0,1,Owned,1
32,19020.0,180479.0,36,1,6.1,Employed,28250.0,1,Owned,0
23,60213.0,282619.0,36,1,0.0,Employed,62377.0,3,Rented,1
51,53164.0,288668.0,48,1,1.7,Employed,125754.0,1,Owned,0
57,45320.0,150371.0,48,0,6.1,Employed,73523.0,0,Other,1
64,12000.0,160744.0,60,1,9.4,Employed,55331.0,0,Rented,0
62,27559.0,239786.0,36,1,0.0,Self-employed,130477.0,4,Rented,1
26,79658.0,127333.0,48,1,4.5,Employed,135173.0,4,Owned,1
55,40378.0,232978.0,36,0,10.0,Employed,57518.0,4,Owned,1
59,62933.0,172088.0,36,1,0.2,Employed,90618.0,1,Rented,0
52,24405.0,92754.0,60,1,6.9,Self-employed,19576.0,2,Rented,0
57,86652.0,93885.0,36,1,6.3,Unemployed,35226.0,2,Rented,0
58,51831.0,310235.0,36,0,12.9,Employed,86208.0,2,Owned,1
41,61381.0,165922.0,36,1,5.1,Employed,81570.0,0,Owned,0
22,106167.0,327632.0,36,1,5.3,Self-employed,31656.0,2,Owned,0
41,88362.0,133773.0,36,1,9.4,Self-employed,44201.0,0,Rented,0
30,48256.0,206208.0,48,0,0.7,Unemployed,26748.0,1,Owned,1
26,41949.0,395341.0,36,1,5.1,Employed,102753.0,1,Rented,1
26,47838.0,84835.0,24,1,4.2,Employed,0.0,3,Rented,0
52,66218.0,20000.0,60,1,5.4,Employed,29421.0,4,Owned,0
43,52685.0,295793.0,36,1,9.4,Employed,0.0,3,Rented,1
45,46305.0,105587.0,60,1,8.2,Self-employed,100951.0,2,Rented,1
54,87278.0,178136.0,24,1,3.0,Employed,0.0,2,Other,1
45,52487.0,127267.0,36,0,6.5,Employed,81586.0,2,Owned,0
49,105591.0,204135.0,36,1,12.0,Unemployed,161976.0,0,Rented,1
24,56996.0,94452.0,48,0,2.7,Unemployed,163672.0,4,Owned,1
59,94277.0,163805.0,24,1,6.6,Employed,0.0,4,Rented,0
41,62861.0,220483.0,60,1,5.2,Unemployed,94920.0,1,Rented,0
27,76185.0,89252.0,36,1,5.7,Employed,30551.0,0,Owned,0
57,39059.0,116992.0,36,0,0.0,Employed,20343.0,0,Rented,1
54,36217.0,148736.0,36,0,11.6,Employed,74327.0,3,Rented,1
23,65114.0,51407.0,12,1,2.9,Unemployed,141415.0,0,Owned,1
29,76748.0,141970.0,36,1,10.1,Unemployed,109983.0,0,Rented,1
21,55886.0,190692.0,36,1,3.5,Employed,44243.0,3,Owned,0
33,26699.0,144041.0,36,0,3.5,Employed,115252.0,0,Rented,1
25,25074.0,155576.0,36,0,10.9,Employed,0.0,0,Rented,1
52,23603.0,178209.0,36,0,10.0,Employed,42353.0,0,Rented,1
44,16112.0,120983.0,24,1,6.8,Self-employed,38805.0,3,Rented,1
65,57409.0,242196.0,12,1,9.0,Employed,83916.0,1,Rented,1
54,79751.0,309238.0,24,1,4.8,Self-employed,69859.0,1,Owned,1
48,54705.0,138206.0,24,1,6.0,Employed,72926.0,3,Owned,1
43,12000.0,223668.0,36,1,3.4,Employed,71264.0,0,Owned,1
23,50803.0,158434.0,24,1,9.6,Employed,81120.0,2,Other,0
24,51418.0,212894.0,60,1,3.2,Unemployed,107007.0,2,Other,0
48,101112.0,320920.0,24,1,11.9,Employed,87467.0,3,Rented,0
21,22943.0,225779.0,24,1,4.7,Employed,65782.0,3,Owned,1
22,46405.0,20393.0,60,1,6.1,Employed,100087.0,3,Owned,0
30,92529.0,220860.0,36,0,9.0,Unemployed,121306.0,1,Rented,0
60,64900.0,290958.0,36,1,6.1,Self-employed,52199.0,0,Owned,0
41,67393.0,160056.0,60,0,4.8,Self-employed,77030.0,2,Rented,1
52,57521.0,269607.0,60,1,5.9,Employed,138095.0,0,Owned,0
39,62259.0,117890.0,48,0,9.6,Self-employed,24862.0,2,Owned,0
28,72107.0,46301.0,12,0,3.3,Employed,170235.0,3,Rented,0
37,37191.0,192705.0,36,0,5.5,Self-employed,13042.0,4,Other,1
25,74317.0,21917.0,60,1,6.0,Employed,62732.0,3,Rented,0
55,24794.0,158421.0,60,1,9.5,Employed,32491.0,4,Rented,0
29,62224.0,295816.0,24,1,5.6,Unemployed,189396.0,2,Owned,1
37,58932.0,20000.0,36,1,13.2,Unemployed,54832.0,2,Other,1
65,41442.0,64845.0,36,1,5.4,Employed,54958.0,1,Rented,0
47,54501.0,87117.0,24,1,5.0,Employed,61463.0,3,Rented,1
41,41304.0,174301.0,48,0,5.3,Self-employed,84780.0,4,Rented,1
45,31423.0,147085.0,36,1,0.7,Unemployed,63578.0,1,Owned,1
56,47220.0,305922.0,36,1,1.9,Self-employed,73356.0,0,Owned,1
32,30712.0,265891.0,24,1,3.9,Employed,0.0,0,Rented,1
49,62102.0,224575.0,36,1,10.5,Employed,82858.0,3,Rented,0
60,29698.0,193107.0,24,1,5.9,Self-employed,80890.0,3,Owned,1
46,70663.0,215391.0,36,0,4.1,Self-employed,131928.0,0,Owned,1
41,29007.0,102422.0,24,1,10.9,Self-employed,145453.0,0,Other,1
27,42542.0,257149.0,60,1,12.2,Employed,70615.0,3,Rented,0
32,41259.0,79916.0,24,1,11.0,Employed,120811.0,1,Rented,0
63,84153.0,255184.0,36,1,2.6,Employed,24922.0,2,Owned,0
45,62266.0,286753.0,24,0,4.0,Self-employed,118367.0,1,Other,1
34,50342.0,198978.0,12,0,13.3,Employed,51376.0,3,Rented,1
39,65972.0,164141.0,24,0,7.0,Self-employed,20765.0,3,Rented,0
47,12000.0,216028.0,12,0,4.9,Self-employed,70721.0,0,Owned,1
45,54051.0,20000.0,24,0,8.9,Self-employed,150024.0,0,Rented,1
52,98945.0,207203.0,36,1,10.0,Employed,89050.0,2,Rented,0
32,57912.0,169798.0,48,1,3.7,Self-employed,154824.0,3,Rented,0
50,56494.0,175443.0,24,1,6.9,Employed,42563.0,0,Other,1
40,67059.0,243588.0,36,1,9.7,Employed,132393.0,0,Rented,0
63,74703.0,173271.0,36,0,1.4,Employed,47392.0,3,Owned,1
28,12000.0,77381.0,36,1,6.0,Employed,91266.0,2,Rented,1
27,17989.0,167274.0,36,0,1.5,Unemployed,90834.0,0,Rented,1
41,59626.0,186080.0,12,1,2.1,Unemployed,113075.0,3,Owned,1
43,39273.0,190344.0,24,0,3.7,Employed,92537.0,0,Owned,0
52,83865.0,194573.0,36,1,7.9,Self-employed,43041.0,1,Rented,0
39,48066.0,273543.0,60,1,4.7,Employed,124015.0,3,Owned,0
62,12440.0,82257.0,60,1,3.4,Self-employed,166583.0,1,Rented,1
42,27104.0,195813.0,60,1,6.2,Self-employed,50810.0,0,Owned,1
26,12000.0,296094.0,36,1,1.4,Employed,0.0,4,Owned,1
26,49849.0,23885.0,24,0,7.7,Employed,104966.0,1,Owned,1
64,50856.0,196168.0,36,1,10.5,Employed,63441.0,2,Rented,0
27,45662.0,127316.0,36,1,5.7,Employed,73445.0,4,Rented,0
63,78735.0,146636.0,12,1,5.2,Unemployed,107809.0,4,Rented,0
33,81367.0,98567.0,24,1,7.5,Employed,57180.0,4,Rented,0
25,51251.0,164740.0,36,1,0.0,Employed,66557.0,1,Owned,0
34,12000.0,345713.0,36,1,8.1,Employed,74994.0,4,Rented,0
48,68580.0,66201.0,24,1,18.4,Unemployed,153488.0,0,Other,1
40,67218.0,74735.0,48,0,5.5,Employed,81503.0,1,Rented,0
56,61807.0,62826.0,36,0,5.5,Self-employed,18216.0,0,Owned,0
48,76593.0,335468.0,60,0,9.0,Self-employed,20206.0,2,Rented,0
39,29374.0,138389.0,36,1,12.6,Employed,86961.0,4,Owned,1
49,99193.0,177692.0,36,0,9.9,Employed,23529.0,3,Owned,0
64,33893.0,143750.0,24,0,0.0,Employed,1885.0,4,Owned,1
39,71483.0,95002.0,36,0,8.3,Employed,111777.0,0,Owned,1
27,17878.0,158836.0,24,1,16.3,Self-employed,114225.0,3,Owned,0
39,34534.0,401242.0,24,0,8.5,Self-employed,61593.0,3,Rented,1
58,88360.0,305286.0,36,0,1.4,Employed,94683.0,2,Owned,1
30,49260.0,103236.0,36,1,7.1,Employed,89406.0,0,Rented,1
63,73478.0,238282.0,24,0,0.9,Employed,110121.0,0,Other,1
47,60213.0,105163.0,60,1,10.9,Employed,110237.0,4,Rented,0
48,52691.0,20127.0,12,1,2.2,Self-employed,0.0,1,Rented,0
35,85005.0,271756.0,36,1,6.3,Self-employed,67975.0,3,Rented,0
62,49794.0,284408.0,36,1,2.6,Self-employed,105895.0,4,Owned,0
22,15824.0,274145.0,36,1,3.8,Employed,59477.0,2,Owned,1
34,37329.0,137712.0,36,0,11.9,Employed,81810.0,1,Rented,0
39,67126.0,164990.0,24,1,6.4,Employed,117535.0,2,Rented,1
42,63701.0,247479.0,48,0,3.8,Unemployed,84046.0,1,Rented,1
42,20525.0,215235.0,24,0,1.4,Employed,155396.0,0,Rented,1
27,39064.0,144573.0,24,1,0.0,Unemployed,136349.0,4,Rented,1
31,42202.0,34284.0,36,0,1.0,Employed,74072.0,1,Rented,1
25,46960.0,190249.0,60,0,6.4,Employed,70098.0,3,Rented,1
46,24730.0,277111.0,48,1,9.9,Self-employed,0.0,3,Rented,0
36,41176.0,72217.0,60,1,3.8,Employed,63675.0,2,Rented,0
46,38971.0,237488.0,48,0,12.3,Employed,12337.0,2,Other,0
47,71974.0,209839.0,48,0,3.1,Employed,91061.0,0,Rented,0
52,72801.0,247513.0,36,0,5.0,Unemployed,87644.0,2,Rented,0
45,51792.0,258478.0,60,0,1.7,Employed,114793.0,3,Owned,1
50,46375.0,117498.0,36,1,10.0,Unemployed,149834.0,0,Owned,0
47,58078.0,34474.0,36,1,14.4,Employed,78687.0,1,Rented,0
50,37035.0,131983.0,36,1,0.0,Employed,194021.0,3,Owned,0
48,29770.0,260021.0,36,1,4.6,Employed,91623.0,4,Rented,0
35,34315.0,131220.0,24,1,11.1,Employed,14489.0,1,Rented,0
32,41034.0,117536.0,36,1,0.2,Unemployed,51896.0,4,Rented,0
56,29404.0,20000.0,36,0,8.3,Unemployed,61363.0,0,Rented,1
36,58565.0,337738.0,48,0,10.9,Unemployed,109606.0,2,Rented,1
45,71054.0,254314.0,36,1,6.3,Unemployed,32638.0,4,Owned,1
29,20084.0,249291.0,48,1,8.2,Employed,65101.0,2,Owned,0
40,55553.0,267095.0,36,0,13.0,Employed,71948.0,2,Rented,0
44,50161.0,231904.0,48,1,13.8,Self-employed,57594.0,0,Owned,0
49,62513.0,158010.0,24,1,5.8,Employed,120571.0,2,Rented,0
44,54715.0,165261.0,60,0,3.9,Self-employed,112066.0,2,Other,1
37,23021.0,141519.0,36,1,2.3,Employed,138328.0,4,Rented,0
64,27227.0,417127.0,36,1,9.9,Employed,63449.0,1,Rented,1
44,55647.0,230032.0,36,1,0.5,Employed,140126.0,1,Rented,1
57,77633.0,138258.0,36,0,5.0,Employed,11800.0,3,Rented,1
54,12000.0,221895.0,36,0,6.4,Employed,10581.0,4,Owned,0
46,62606.0,89022.0,48,1,4.0,Employed,19310.0,1,Rented,0
60,81172.0,315406.0,60,1,7.1,Employed,80461.0,3,Owned,1
26,51633.0,120504.0,48,0,16.3,Employed,140119.0,4,Rented,1
62,67104.0,225098.0,36,0,5.5,Employed,49893.0,3,Owned,0
59,39532.0,275938.0,36,1,4.3,Employed,56165.0,2,Rented,0
43,52374.0,214629.0,48,1,10.1,Employed,69199.0,1,Rented,1
54,19340.0,188502.0,48,1,7.0,Self-employed,108641.0,1,Owned,0
44,12000.0,180972.0,36,1,11.8,Employed,56119.0,0,Rented,1
33,75741.0,174920.0,60,1,6.7,Employed,53329.0,0,Owned,0
56,33330.0,128097.0,36,1,5.0,Employed,12730.0,2,Owned,0
32,44978.0,139546.0,48,0,0.0,Employed,51414.0,0,Owned,0
35,24498.0,313163.0,60,1,0.0,Employed,138873.0,0,Owned,0
44,23981.0,170232.0,48,1,0.0,Employed,84546.0,3,Other,1
58,51176.0,109278.0,24,0,7.5,Employed,43007.0,0,Other,0
38,38949.0,133533.0,36,1,0.6,Employed,141807.0,0,Rented,0
43,63315.0,279033.0,24,1,11.0,Employed,50739.0,2,Rented,0
22,64956.0,240805.0,48,0,6.1,Employed,150998.0,4,Rented,1
26,62059.0,230430.0,36,1,5.0,Employed,150180.0,3,Rented,0
23,60249.0,156823.0,48,1,2.6,Employed,82801.0,0,Rented,0
24,89711.0,231603.0,60,1,8.5,Employed,5073.0,0,Owned,1
60,31513.0,122079.0,24,1,2.8,Self-employed,194475.0,3,Rented,1
58,53791.0,156635.0,36,1,2.1,Employed,99364.0,3,Other,1
57,79919.0,267282.0,36,1,10.8,Employed,63806.0,1,Owned,0
23,82820.0,258685.0,36,1,7.4,Employed,127806.0,4,Rented,1
24,23721.0,91628.0,24,1,5.1,Employed,115115.0,4,Owned,0
33,48128.0,103003.0,12,1,8.6,Employed,145547.0,3,Owned,0
46,84879.0,189783.0,36,1,6.0,Self-employed,46883.0,3,Rented,0
36,66178.0,335352.0,36,1,7.5,Self-employed,95924.0,3,Owned,1
42,59296.0,20000.0,36,1,2.7,Employed,20706.0,0,Other,0
28,50211.0,205050.0,24,0,14.3,Employed,113317.0,3,Rented,1
53,46556.0,56156.0,36,1,3.7,Self-employed,78853.0,4,Owned,0
35,61341.0,122910.0,36,1,12.2,Employed,94050.0,1,Rented,1
23,49448.0,147201.0,36,1,5.2,Employed,72683.0,0,Rented,0
54,54063.0,142154.0,48,1,9.2,Self-employed,67451.0,1,Rented,0
61,56729.0,131958.0,36,1,8.9,Employed,36588.0,1,Rented,1
21,40082.0,180649.0,36,0,10.6,Employed,119522.0,4,Rented,1
40,66707.0,131827.0,60,0,2.6,Employed,154485.0,2,Owned,1
58,119113.0,48379.0,36,1,10.3,Employed,52167.0,3,Owned,0
52,15906.0,250188.0,36,1,13.4,Employed,107677.0,4,Owned,1
59,62128.0,247758.0,12,1,5.0,Employed,101609.0,3,Owned,0
39,38276.0,255886.0,24,1,6.1,Employed,80405.0,3,Rented,1
37,67703.0,41334.0,24,1,3.9,Employed,3670.0,4,Owned,0
52,56024.0,206903.0,48,1,4.6,Employed,14920.0,3,Rented,1
27,71761.0,240838.0,48,1,12.8,Self-employed,40951.0,1,Rented,1
31,80861.0,87192.0,24,1,2.0,Employed,0.0,3,Rented,0
48,59233.0,180826.0,24,1,2.2,Self-employed,150402.0,1,Rented,1
51,79905.0,169536.0,36,1,12.4,Employed,98385.0,1,Other,1
26,12000.0,345794.0,36,1,8.5,Employed,78502.0,3,Other,1
43,89990.0,353205.0,36,0,14.5,Employed,0.0,1,Owned,1
37,63251.0,30208.0,48,0,4.2,Employed,0.0,0,Rented,0
43,78713.0,404453.0,60,0,6.5,Employed,79883.0,4,Owned,1
64,28163.0,97630.0,36,1,3.4,Self-employed,178524.0,2,Rented,0
24,36723.0,268261.0,48,1,6.6,Unemployed,45068.0,3,Rented,1
65,58211.0,267345.0,36,1,0.0,Self-employed,123190.0,4,Owned,1
41,54625.0,90388.0,36,1,8.7,Employed,56005.0,3,Owned,1
55,61228.0,224394.0,60,0,7.3,Employed,82762.0,3,Owned,1
40,78859.0,170322.0,24,1,5.8,Employed,140734.0,3,Rented,0
34,16165.0,229890.0,48,1,4.4,Employed,62702.0,1,Rented,0
55,76424.0,200761.0,48,1,2.4,Self-employed,45495.0,4,Owned,1
51,55182.0,287671.0,60,0,8.9,Self-employed,150904.0,3,Owned,1
27,50517.0,186786.0,36,1,1.3,Employed,82278.0,0,Owned,0
52,22635.0,164891.0,36,1,8.0,Unemployed,134560.0,0,Rented,1
54,66067.0,278646.0,48,0,14.3,Self-employed,45738.0,4,Owned,1
38,12000.0,232236.0,48,1,11.9,Employed,150334.0,4,Owned,1
62,69265.0,245863.0,36,1,0.0,Unemployed,93681.0,4,Rented,0
49,22174.0,120187.0,48,1,3.9,Employed,101739.0,0,Rented,1
36,56176.0,85926.0,36,1,7.7,Employed,86581.0,4,Rented,1
21,52378.0,128905.0,36,0,5.7,Employed,54726.0,4,Rented,0
51,80730.0,124126.0,60,1,0.4,Employed,79916.0,3,Rented,0
30,51070.0,250758.0,36,1,7.5,Employed,57870.0,2,Rented,0
55,39729.0,267839.0,36,1,6.0,Unemployed,127977.0,2,Owned,0
44,43855.0,166038.0,60,0,13.7,Employed,69847.0,2,Owned,1
42,83003.0,308783.0,48,1,5.0,Employed,5175.0,0,Other,0
28,66799.0,303162.0,60,1,10.7,Employed,0.0,2,Rented,0
53,46516.0,201906.0,36,0,0.9,Employed,0.0,1,Rented,0
28,49798.0,106030.0,60,0,1.9,Self-employed,110899.0,1,Owned,1
39,20522.0,321784.0,24,0,8.9,Employed,22425.0,0,Owned,0
58,63546.0,174508.0,36,1,10.3,Unemployed,95004.0,2,Owned,1
62,16284.0,191355.0,36,1,2.2,Self-employed,86829.0,0,Other,1
65,71540.0,149436.0,48,1,6.1,Employed,76765.0,4,Rented,0
64,57830.0,99919.0,60,1,0.5,Employed,101920.0,4,Rented,1
46,107513.0,47822.0,48,1,5.3,Employed,87915.0,4,Other,0
30,30797.0,236958.0,36,1,9.3,Unemployed,0.0,1,Owned,1
58,52741.0,109494.0,36,0,4.3,Self-employed,63819.0,0,Rented,1
57,94562.0,455358.0,36,0,5.0,Employed,101255.0,2,Owned,1
65,81211.0,82253.0,36,1,1.5,Employed,162014.0,3,Owned,1
50,39683.0,66836.0,12,1,3.4,Self-employed,164323.0,0,Other,0
27,59927.0,225912.0,36,1,13.0,Employed,11842.0,4,Rented,0
43,55044.0,317638.0,60,1,6.3,Self-employed,62514.0,2,Owned,1
41,61203.0,185813.0,48,1,2.0,Self-employed,1694.0,4,Owned,0
58,39629.0,231502.0,48,0,4.7,Employed,155994.0,0,Rented,1
38,53035.0,20000.0,36,1,0.0,Employed,130643.0,2,Owned,0
35,19843.0,119024.0,36,0,1.9,Employed,97529.0,2,Rented,1
24,57973.0,83375.0,12,1,11.4,Employed,88305.0,0,Rented,0
58,64900.0,20000.0,36,1,5.4,Unemployed,149032.0,3,Owned,0
54,49997.0,190528.0,36,1,13.6,Self-employed,140566.0,4,Owned,1
22,19469.0,20000.0,36,0,5.6,Self-employed,137902.0,2,Owned,1
40,76748.0,61002.0,12,1,5.9,Employed,102834.0,1,Other,0
42,63020.0,131653.0,48,1,8.6,Employed,62539.0,3,Owned,1
42,39028.0,105184.0,36,1,0.0,Self-employed,118356.0,1,Rented,1
62,48827.0,215677.0,36,0,6.8,Employed,120802.0,1,Owned,1
27,21985.0,207502.0,36,1,5.8,Employed,70468.0,3,Rented,1
34,32441.0,260442.0,36,1,11.9,Employed,62438.0,2,Owned,0
29,43168.0,247715.0,36,1,9.9,Employed,136666.0,1,Owned,1
31,82025.0,282673.0,36,1,1.5,Self-employed,163206.0,2,Rented,1
61,40931.0,179827.0,36,1,11.0,Employed,42530.0,4,Rented,0
63,69085.0,207312.0,12,1,5.0,Self-employed,66831.0,2,Owned,0
23,43157.0,226036.0,60,1,2.4,Employed,97547.0,0,Owned,1
49,60455.0,192749.0,12,1,6.8,Employed,104330.0,4,Other,0
31,51889.0,144253.0,36,1,5.2,Employed,53882.0,3,Owned,1
29,74207.0,150080.0,24,1,12.2,Self-employed,174176.0,1,Owned,0
34,43234.0,106420.0,36,1,7.4,Employed,101105.0,4,Owned,1
29,20404.0,217946.0,36,0,6.8,Employed,106569.0,4,Owned,1
43,24597.0,171539.0,60,0,9.6,Employed,167944.0,4,Rented,1
65,43299.0,120314.0,36,1,10.4,Self-employed,57547.0,1,Rented,0
47,27521.0,120398.0,36,1,9.1,Self-employed,75578.0,4,Rented,1
53,64025.0,71064.0,36,1,11.7,Employed,17334.0,4,Rented,0
43,44753.0,268096.0,12,1,8.4,Unemployed,71382.0,4,Owned,0
21,107241.0,187076.0,36,1,6.7,Employed,5554.0,2,Rented,1
24,16770.0,102348.0,36,1,11.0,Employed,117392.0,1,Owned,0
33,59480.0,252769.0,36,1,5.6,Employed,101000.0,1,Owned,1
31,30185.0,129560.0,60,0,6.1,Self-employed,66147.0,4,Rented,1
58,44145.0,53415.0,48,1,12.9,Employed,74979.0,2,Owned,1
58,58111.0,271910.0,60,0,12.5,Employed,118073.0,4,Owned,1
59,12000.0,131661.0,36,1,6.0,Employed,23210.0,2,Owned,1
49,60210.0,143199.0,48,1,4.2,Employed,90208.0,2,Rented,0
46,96864.0,183706.0,36,1,11.9,Employed,114975.0,0,Owned,0
50,45024.0,282833.0,36,0,9.2,Unemployed,0.0,2,Rented,1
39,60716.0,181803.0,60,1,7.3,Employed,114247.0,2,Rented,0
51,77548.0,72079.0,48,0,4.7,Employed,0.0,0,Rented,0
56,51393.0,228949.0,60,1,7.3,Employed,74120.0,0,Owned,1
55,42219.0,136351.0,48,0,5.9,Employed,21830.0,2,Rented,0
48,12000.0,349913.0,24,1,3.3,Employed,151562.0,1,Owned,0
23,69102.0,179899.0,48,1,6.5,Unemployed,22144.0,3,Other,0
53,52510.0,20000.0,36,0,7.1,Employed,0.0,2,Rented,0
37,32721.0,212163.0,60,0,4.5,Self-employed,86668.0,2,Owned,0
54,57785.0,355014.0,48,1,9.6,Employed,59315.0,0,Rented,0
45,42159.0,321833.0,24,0,11.2,Self-employed,4770.0,2,Rented,0
60,43375.0,344786.0,24,0,9.9,Employed,106291.0,2,Rented,1
36,68338.0,88222.0,12,1,4.9,Unemployed,0.0,2,Owned,0
62,25556.0,262094.0,36,1,9.0,Self-employed,28188.0,1,Rented,1
59,78041.0,115020.0,24,1,6.3,Employed,51239.0,0,Rented,1
35,24251.0,200186.0,48,1,1.1,Self-employed,120111.0,4,Rented,0
42,40421.0,65434.0,36,1,8.7,Employed,144773.0,4,Owned,1
44,97305.0,121999.0,48,1,6.6,Employed,135139.0,4,Rented,0
55,79802.0,119138.0,36,1,16.4,Employed,72336.0,1,Rented,0
52,57147.0,260870.0,36,1,11.8,Self-employed,0.0,3,Rented,0
59,34308.0,252065.0,24,1,8.8,Self-employed,99543.0,0,Rented,0
37,43356.0,204914.0,60,1,7.0,Employed,153529.0,4,Owned,1
43,56612.0,58462.0,24,1,6.7,Self-employed,141690.0,0,Rented,0
40,55826.0,151952.0,24,0,2.0,Employed,103147.0,2,Owned,0
61,53001.0,112850.0,24,1,0.0,Employed,20525.0,4,Owned,0
34,54322.0,258271.0,48,0,2.5,Employed,53735.0,3,Rented,1
47,50284.0,286037.0,24,1,5.8,Employed,176691.0,4,Owned,1
26,23276.0,275075.0,36,0,0.0,Employed,9164.0,2,Owned,1
59,43637.0,112030.0,48,1,3.8,Employed,22608.0,0,Owned,1
38,75122.0,20000.0,48,1,5.0,Employed,127128.0,0,Rented,0
36,24897.0,20973.0,24,1,5.1,Employed,58442.0,0,Other,1
47,50830.0,307946.0,12,0,3.4,Self-employed,20912.0,0,Rented,1
43,36965.0,143887.0,36,0,4.6,Employed,156399.0,2,Owned,1
59,57450.0,112435.0,24,1,12.9,Self-employed,103053.0,0,Rented,0
44,46450.0,327839.0,48,0,8.6,Employed,60910.0,0,Owned,0
44,87503.0,293864.0,36,1,3.8,Employed,22711.0,2,Other,0
25,66145.0,182200.0,36,1,5.7,Employed,182370.0,3,Rented,0
21,26140.0,153594.0,24,0,5.9,Self-employed,78777.0,3,Owned,1
38,69767.0,168111.0,36,1,2.9,Employed,149866.0,0,Rented,1
65,37958.0,200445.0,24,1,2.9,Employed,124682.0,4,Owned,0
62,42306.0,324004.0,48,0,10.0,Self-employed,53955.0,2,Rented,1
49,61904.0,218022.0,12,1,4.3,Self-employed,54353.0,1,Owned,1
49,44182.0,245343.0,60,0,1.6,Employed,152316.0,1,Rented,1
38,74643.0,285234.0,48,1,5.8,Employed,153126.0,4,Rented,0
28,37961.0,74729.0,24,1,6.5,Employed,0.0,2,Rented,0
21,41383.0,247938.0,12,1,0.0,Employed,107489.0,1,Rented,1
36,40560.0,153489.0,36,1,5.8,Self-employed,73939.0,2,Owned,0
35,42556.0,20000.0,24,0,9.5,Employed,28334.0,0,Rented,1
29,79182.0,20000.0,24,1,7.8,Employed,93087.0,0,Rented,0
32,68834.0,88369.0,60,1,14.9,Employed,12520.0,1,Owned,0
22,92619.0,227810.0,36,1,11.0,Employed,56677.0,1,Owned,0
48,104888.0,190242.0,24,1,11.8,Self-employed,40076.0,1,Owned,0
62,32324.0,196593.0,36,1,17.2,Employed,55010.0,0,Owned,1
52,56549.0,355585.0,36,1,9.0,Employed,76426.0,3,Rented,1
41,29124.0,65782.0,60,1,6.7,Employed,29222.0,0,Rented,1
39,37893.0,177531.0,12,1,9.9,Employed,158659.0,1,Rented,0
34,41138.0,207399.0,48,1,3.8,Employed,104664.0,4,Other,0
27,31743.0,113735.0,48,1,6.4,Employed,169728.0,0,Owned,0
47,31858.0,182549.0,12,1,3.4,Employed,71996.0,1,Rented,1
46,51826.0,36005.0,24,0,7.6,Self-employed,52561.0,2,Owned,0
21,28232.0,306892.0,36,1,3.4,Unemployed,167921.0,1,Owned,1
39,73527.0,118655.0,60,0,3.3,Unemployed,51097.0,1,Owned,1
33,34809.0,362826.0,36,1,7.7,Employed,71085.0,0,Owned,0
28,116811.0,177077.0,48,0,5.4,Employed,116002.0,2,Owned,1
52,45070.0,272525.0,48,0,0.0,Employed,18114.0,3,Rented,1
44,56584.0,175203.0,48,1,0.2,Self-employed,115565.0,2,Owned,1
49,26502.0,177233.0,36,1,1.4,Employed,109167.0,4,Owned,1
53,92534.0,127437.0,36,1,2.5,Employed,143466.0,3,Rented,0
65,79629.0,190721.0,48,1,7.7,Employed,124502.0,3,Owned,1
57,61532.0,208620.0,36,0,6.9,Employed,144999.0,2,Rented,1
48,25370.0,109417.0,60,1,10.3,Self-employed,74479.0,3,Other,0
